frame,yaw_deg,n_edge_pts,score,ratio,detect_ratio,detect_abs
000004,0.0,3662,0.3615,1.0,False,False
000004,0.25,3662,0.3669,1.0149,False,False
000004,0.5,3662,0.3262,0.9023,False,False
000004,0.75,3662,0.3025,0.8368,True,False
000004,1.0,3662,0.2974,0.8227,True,False
000004,1.25,3662,0.2987,0.8263,True,False
000004,1.5,3662,0.3047,0.8429,True,False
000004,1.75,3662,0.3039,0.8406,True,False
000004,2.0,3662,0.3111,0.8605,True,False
000004,2.25,3662,0.2976,0.8232,True,False
000004,2.5,3662,0.2919,0.8074,True,False
000004,2.75,3662,0.3009,0.8324,True,False
000004,3.0,3662,0.2845,0.7868,True,False
000007,0.0,4785,0.3043,1.0,False,False
000007,0.25,4785,0.3044,1.0006,False,False
000007,0.5,4785,0.2905,0.9549,False,False
000007,0.75,4785,0.2982,0.9802,False,False
000007,1.0,4785,0.2928,0.9623,False,False
000007,1.25,4785,0.2979,0.9792,False,False
000007,1.5,4785,0.2829,0.9296,False,False
000007,1.75,4785,0.2645,0.8692,True,False
000007,2.0,4785,0.2544,0.8362,True,False
000007,2.25,4785,0.2544,0.8362,True,False
000007,2.5,4785,0.2599,0.8542,True,False
000007,2.75,4785,0.2682,0.8816,True,False
000007,3.0,4785,0.2688,0.8834,True,False
000009,0.0,2473,0.3654,1.0,False,False
000009,0.25,2473,0.3926,1.0745,False,False
000009,0.5,2473,0.3951,1.0814,False,False
000009,0.75,2473,0.3697,1.0119,False,False
000009,1.0,2473,0.3347,0.916,False,False
000009,1.25,2473,0.3189,0.8727,True,False
000009,1.5,2473,0.3013,0.8247,True,False
000009,1.75,2473,0.2948,0.807,True,False
000009,2.0,2473,0.3059,0.8371,True,False
000009,2.25,2473,0.3161,0.865,True,False
000009,2.5,2473,0.3274,0.8961,True,False
000009,2.75,2473,0.3428,0.9382,False,False
000009,3.0,2473,0.3442,0.9421,False,False
000010,0.0,2675,0.2987,1.0,False,False
000010,0.25,2675,0.302,1.0111,False,False
000010,0.5,2675,0.2686,0.8992,True,False
000010,0.75,2675,0.2576,0.8625,True,False
000010,1.0,2675,0.2576,0.8622,True,False
000010,1.25,2675,0.2542,0.8511,True,False
000010,1.5,2675,0.2514,0.8415,True,False
000010,1.75,2675,0.2615,0.8754,True,False
000010,2.0,2675,0.2597,0.8695,True,False
000010,2.25,2675,0.2653,0.8881,True,False
000010,2.5,2675,0.2607,0.8726,True,False
000010,2.75,2675,0.2597,0.8693,True,False
000010,3.0,2675,0.2664,0.8918,True,False
000012,0.0,1983,0.6916,1.0,False,False
000012,0.25,1983,0.6323,0.9143,False,False
000012,0.5,1983,0.4811,0.6956,True,False
000012,0.75,1983,0.4275,0.6182,True,False
000012,1.0,1983,0.4135,0.5979,True,False
000012,1.25,1983,0.4299,0.6215,True,False
000012,1.5,1983,0.4622,0.6684,True,False
000012,1.75,1983,0.4427,0.6402,True,False
000012,2.0,1983,0.4579,0.6621,True,False
000012,2.25,1983,0.4485,0.6485,True,False
000012,2.5,1983,0.4145,0.5994,True,False
000012,2.75,1983,0.3786,0.5475,True,False
000012,3.0,1983,0.3707,0.5359,True,False
000019,0.0,3350,0.414,1.0,False,False
000019,0.25,3350,0.4031,0.9737,False,False
000019,0.5,3350,0.3911,0.9448,False,False
000019,0.75,3350,0.3751,0.9061,False,False
000019,1.0,3350,0.3561,0.8602,True,False
000019,1.25,3350,0.3454,0.8343,True,False
000019,1.5,3350,0.3355,0.8104,True,False
000019,1.75,3350,0.3324,0.803,True,False
000019,2.0,3350,0.3162,0.7637,True,False
000019,2.25,3350,0.3335,0.8057,True,False
000019,2.5,3350,0.3356,0.8107,True,False
000019,2.75,3350,0.3334,0.8054,True,False
000019,3.0,3350,0.3303,0.7979,True,False
000025,0.0,5893,0.4954,1.0,False,False
000025,0.25,5893,0.4841,0.9772,False,False
000025,0.5,5893,0.4722,0.9531,False,False
000025,0.75,5893,0.4504,0.9091,False,False
000025,1.0,5893,0.4385,0.8851,True,False
000025,1.25,5893,0.4345,0.877,True,False
000025,1.5,5893,0.4256,0.859,True,False
000025,1.75,5893,0.4296,0.8671,True,False
000025,2.0,5893,0.4234,0.8546,True,False
000025,2.25,5893,0.4049,0.8172,True,False
000025,2.5,5893,0.4176,0.8428,True,False
000025,2.75,5893,0.4113,0.8301,True,False
000025,3.0,5893,0.4022,0.8118,True,False
000031,0.0,3072,0.3981,1.0,False,False
000031,0.25,3072,0.3887,0.9764,False,False
000031,0.5,3072,0.3459,0.8689,True,False
000031,0.75,3072,0.3131,0.7867,True,False
000031,1.0,3072,0.3191,0.8016,True,False
000031,1.25,3072,0.3151,0.7916,True,False
000031,1.5,3072,0.302,0.7587,True,False
000031,1.75,3072,0.3108,0.7809,True,False
000031,2.0,3072,0.3137,0.788,True,False
000031,2.25,3072,0.3013,0.757,True,False
000031,2.5,3072,0.2997,0.7528,True,False
000031,2.75,3072,0.2893,0.7268,True,False
000031,3.0,3072,0.305,0.7663,True,False
000032,0.0,3545,0.4352,1.0,False,False
000032,0.25,3545,0.4022,0.9241,False,False
000032,0.5,3545,0.3927,0.9024,False,False
000032,0.75,3545,0.3842,0.8828,True,False
000032,1.0,3545,0.3844,0.8833,True,False
000032,1.25,3545,0.3718,0.8543,True,False
000032,1.5,3545,0.3714,0.8534,True,False
000032,1.75,3545,0.3685,0.8468,True,False
000032,2.0,3545,0.3742,0.8599,True,False
000032,2.25,3545,0.379,0.8708,True,False
000032,2.5,3545,0.3655,0.8399,True,False
000032,2.75,3545,0.3625,0.833,True,False
000032,3.0,3545,0.3654,0.8397,True,False
000049,0.0,2163,0.516,1.0,False,False
000049,0.25,2163,0.5189,1.0058,False,False
000049,0.5,2163,0.4609,0.8932,True,False
000049,0.75,2163,0.4343,0.8417,True,False
000049,1.0,2163,0.4409,0.8545,True,False
000049,1.25,2163,0.4238,0.8214,True,False
000049,1.5,2163,0.4244,0.8225,True,False
000049,1.75,2163,0.4186,0.8114,True,False
000049,2.0,2163,0.4081,0.791,True,False
000049,2.25,2163,0.4107,0.7961,True,False
000049,2.5,2163,0.4005,0.7763,True,False
000049,2.75,2163,0.4031,0.7813,True,False
000049,3.0,2163,0.4222,0.8183,True,False
