ptype,axis,value,dist_bin,n_objects,n_points,pct_in_box_mean,median_px_shift,pct_in_box_drop_vs_baseline,pct_in_fov
baseline,-,0.0,0-15m,15,13146,98.866,0.0,0.0,15.705
baseline,-,0.0,15-30m,21,3688,99.405,0.0,0.0,15.705
baseline,-,0.0,30-50m,15,1060,99.206,0.0,0.0,15.705
baseline,-,0.0,>50m,5,129,100.0,0.0,0.0,15.705
baseline,-,0.0,all,56,18023,99.26,0.0,0.0,15.705
trans_cm,x,2.0,0-15m,15,13146,98.876,0.394,-0.01,15.752
trans_cm,x,2.0,15-30m,21,3688,99.405,0.128,0.0,15.752
trans_cm,x,2.0,30-50m,15,1060,99.206,0.046,0.0,15.752
trans_cm,x,2.0,>50m,5,129,100.0,0.025,0.0,15.752
trans_cm,x,2.0,all,56,18023,99.263,0.137,-0.003,15.752
trans_cm,x,5.0,0-15m,15,13146,98.851,0.982,0.014,15.856
trans_cm,x,5.0,15-30m,21,3688,99.405,0.32,0.0,15.856
trans_cm,x,5.0,30-50m,15,1060,99.206,0.116,0.0,15.856
trans_cm,x,5.0,>50m,5,129,100.0,0.063,0.0,15.856
trans_cm,x,5.0,all,56,18023,99.257,0.341,0.004,15.856
trans_cm,x,10.0,0-15m,15,13146,98.787,1.953,0.078,16.011
trans_cm,x,10.0,15-30m,21,3688,99.405,0.637,0.0,16.011
trans_cm,x,10.0,30-50m,15,1060,99.206,0.231,0.0,16.011
trans_cm,x,10.0,>50m,5,129,100.0,0.125,0.0,16.011
trans_cm,x,10.0,all,56,18023,99.239,0.682,0.021,16.011
trans_cm,y,2.0,0-15m,15,13146,98.785,1.379,0.08,15.706
trans_cm,y,2.0,15-30m,21,3688,99.405,0.684,0.0,15.706
trans_cm,y,2.0,30-50m,15,1060,99.048,0.389,0.159,15.706
trans_cm,y,2.0,>50m,5,129,100.0,0.252,0.0,15.706
trans_cm,y,2.0,all,56,18023,99.196,0.646,0.064,15.706
trans_cm,y,5.0,0-15m,15,13146,98.694,3.448,0.171,15.705
trans_cm,y,5.0,15-30m,21,3688,99.405,1.709,0.0,15.705
trans_cm,y,5.0,30-50m,15,1060,98.697,0.973,0.51,15.705
trans_cm,y,5.0,>50m,5,129,100.0,0.631,0.0,15.705
trans_cm,y,5.0,all,56,18023,99.078,1.614,0.182,15.705
trans_cm,y,10.0,0-15m,15,13146,98.367,6.896,0.498,15.703
trans_cm,y,10.0,15-30m,21,3688,98.672,3.418,0.733,15.703
trans_cm,y,10.0,30-50m,15,1060,98.221,1.945,0.986,15.703
trans_cm,y,10.0,>50m,5,129,100.0,1.262,0.0,15.703
trans_cm,y,10.0,all,56,18023,98.588,3.229,0.672,15.703
trans_cm,z,2.0,0-15m,15,13146,98.932,1.381,-0.066,15.856
trans_cm,z,2.0,15-30m,21,3688,99.058,0.684,0.346,15.856
trans_cm,z,2.0,30-50m,15,1060,99.206,0.389,0.0,15.856
trans_cm,z,2.0,>50m,5,129,100.0,0.252,0.0,15.856
trans_cm,z,2.0,all,56,18023,99.148,0.646,0.112,15.856
trans_cm,z,5.0,0-15m,15,13146,98.108,3.451,0.758,16.052
trans_cm,z,5.0,15-30m,21,3688,97.834,1.709,1.57,16.052
trans_cm,z,5.0,30-50m,15,1060,98.889,0.973,0.317,16.052
trans_cm,z,5.0,>50m,5,129,100.0,0.631,0.0,16.052
trans_cm,z,5.0,all,56,18023,98.383,1.615,0.877,16.052
trans_cm,z,10.0,0-15m,15,13146,95.46,6.902,3.405,16.413
trans_cm,z,10.0,15-30m,21,3688,95.277,3.418,4.128,16.413
trans_cm,z,10.0,30-50m,15,1060,96.496,1.946,2.71,16.413
trans_cm,z,10.0,>50m,5,129,100.0,1.262,0.0,16.413
trans_cm,z,10.0,all,56,18023,96.074,3.23,3.186,16.413
yaw_deg,z,0.5,0-15m,15,13146,98.371,6.957,0.495,15.706
yaw_deg,z,0.5,15-30m,21,3688,92.637,6.576,6.768,15.706
yaw_deg,z,0.5,30-50m,15,1060,86.728,6.441,12.479,15.706
yaw_deg,z,0.5,>50m,5,129,86.056,6.381,13.944,15.706
yaw_deg,z,0.5,all,56,18023,92.003,6.697,7.258,15.706
yaw_deg,z,1.0,0-15m,15,13146,96.495,13.95,2.371,15.699
yaw_deg,z,1.0,15-30m,21,3688,79.447,13.173,19.957,15.699
yaw_deg,z,1.0,30-50m,15,1060,68.552,12.87,30.655,15.699
yaw_deg,z,1.0,>50m,5,129,59.986,12.753,40.014,15.699
yaw_deg,z,1.0,all,56,18023,79.358,13.37,19.903,15.699
yaw_deg,z,2.0,0-15m,15,13146,90.038,28.051,8.828,15.68
yaw_deg,z,2.0,15-30m,21,3688,58.982,26.297,40.422,15.68
yaw_deg,z,2.0,30-50m,15,1060,43.302,25.729,55.905,15.68
yaw_deg,z,2.0,>50m,5,129,12.388,25.495,87.612,15.68
yaw_deg,z,2.0,all,56,18023,58.94,26.648,40.32,15.68
yaw_deg,z,3.0,0-15m,15,13146,81.928,42.256,16.937,15.677
yaw_deg,z,3.0,15-30m,21,3688,43.423,39.554,55.982,15.677
yaw_deg,z,3.0,30-50m,15,1060,29.206,38.677,70.001,15.677
yaw_deg,z,3.0,>50m,5,129,0.0,38.308,100.0,15.677
yaw_deg,z,3.0,all,56,18023,46.052,39.94,53.209,15.677
