frame,obj_idx,type,dist_m,dist_bin,bbox_w_px,bbox_h_px,n_points,ptype,axis,value,pct_in_box,median_px_shift
000004,0,Car,38.26,30-50m,64.52,30.49,77,baseline,-,0.0,100.0,0.0
000004,1,Car,51.17,>50m,40.97,20.66,26,baseline,-,0.0,100.0,0.0
000004,0,Car,38.26,30-50m,64.52,30.49,77,yaw_deg,z,0.5,97.403,7.42
000004,1,Car,51.17,>50m,40.97,20.66,26,yaw_deg,z,0.5,84.615,6.964
000004,0,Car,38.26,30-50m,64.52,30.49,77,yaw_deg,z,1.0,84.416,14.894
000004,1,Car,51.17,>50m,40.97,20.66,26,yaw_deg,z,1.0,65.385,13.968
000004,0,Car,38.26,30-50m,64.52,30.49,77,yaw_deg,z,2.0,61.039,30.013
000004,1,Car,51.17,>50m,40.97,20.66,26,yaw_deg,z,2.0,34.615,28.099
000004,0,Car,38.26,30-50m,64.52,30.49,77,yaw_deg,z,3.0,27.273,45.373
000004,1,Car,51.17,>50m,40.97,20.66,26,yaw_deg,z,3.0,0.0,42.405
000004,0,Car,38.26,30-50m,64.52,30.49,77,trans_cm,x,2.0,100.0,0.159
000004,1,Car,51.17,>50m,40.97,20.66,26,trans_cm,x,2.0,100.0,0.091
000004,0,Car,38.26,30-50m,64.52,30.49,77,trans_cm,x,5.0,100.0,0.396
000004,1,Car,51.17,>50m,40.97,20.66,26,trans_cm,x,5.0,100.0,0.227
000004,0,Car,38.26,30-50m,64.52,30.49,77,trans_cm,x,10.0,100.0,0.792
000004,1,Car,51.17,>50m,40.97,20.66,26,trans_cm,x,10.0,100.0,0.453
000004,0,Car,38.26,30-50m,64.52,30.49,77,trans_cm,y,2.0,100.0,0.389
000004,1,Car,51.17,>50m,40.97,20.66,26,trans_cm,y,2.0,100.0,0.29
000004,0,Car,38.26,30-50m,64.52,30.49,77,trans_cm,y,5.0,100.0,0.973
000004,1,Car,51.17,>50m,40.97,20.66,26,trans_cm,y,5.0,100.0,0.725
000004,0,Car,38.26,30-50m,64.52,30.49,77,trans_cm,y,10.0,100.0,1.945
000004,1,Car,51.17,>50m,40.97,20.66,26,trans_cm,y,10.0,100.0,1.449
000004,0,Car,38.26,30-50m,64.52,30.49,77,trans_cm,z,2.0,100.0,0.389
000004,1,Car,51.17,>50m,40.97,20.66,26,trans_cm,z,2.0,100.0,0.29
000004,0,Car,38.26,30-50m,64.52,30.49,77,trans_cm,z,5.0,100.0,0.973
000004,1,Car,51.17,>50m,40.97,20.66,26,trans_cm,z,5.0,100.0,0.725
000004,0,Car,38.26,30-50m,64.52,30.49,77,trans_cm,z,10.0,100.0,1.946
000004,1,Car,51.17,>50m,40.97,20.66,26,trans_cm,z,10.0,100.0,1.45
000007,0,Car,25.01,15-30m,51.81,50.15,191,baseline,-,0.0,100.0,0.0
000007,1,Car,47.55,30-50m,30.96,22.33,19,baseline,-,0.0,100.0,0.0
000007,3,Cyclist,34.09,30-50m,25.01,37.51,25,baseline,-,0.0,100.0,0.0
000007,0,Car,25.01,15-30m,51.81,50.15,191,yaw_deg,z,0.5,90.052,6.378
000007,1,Car,47.55,30-50m,30.96,22.33,19,yaw_deg,z,0.5,68.421,6.505
000007,3,Cyclist,34.09,30-50m,25.01,37.51,25,yaw_deg,z,0.5,96.0,7.224
000007,0,Car,25.01,15-30m,51.81,50.15,191,yaw_deg,z,1.0,78.534,12.76
000007,1,Car,47.55,30-50m,30.96,22.33,19,yaw_deg,z,1.0,52.632,13.029
000007,3,Cyclist,34.09,30-50m,25.01,37.51,25,yaw_deg,z,1.0,44.0,14.496
000007,0,Car,25.01,15-30m,51.81,50.15,191,yaw_deg,z,2.0,51.309,25.54
000007,1,Car,47.55,30-50m,30.96,22.33,19,yaw_deg,z,2.0,5.263,26.139
000007,3,Cyclist,34.09,30-50m,25.01,37.51,25,yaw_deg,z,2.0,0.0,29.191
000007,0,Car,25.01,15-30m,51.81,50.15,191,yaw_deg,z,3.0,21.99,38.349
000007,1,Car,47.55,30-50m,30.96,22.33,19,yaw_deg,z,3.0,0.0,39.339
000007,3,Cyclist,34.09,30-50m,25.01,37.51,25,yaw_deg,z,3.0,0.0,44.098
000007,0,Car,25.01,15-30m,51.81,50.15,191,trans_cm,x,2.0,100.0,0.029
000007,1,Car,47.55,30-50m,30.96,22.33,19,trans_cm,x,2.0,100.0,0.051
000007,3,Cyclist,34.09,30-50m,25.01,37.51,25,trans_cm,x,2.0,100.0,0.156
000007,0,Car,25.01,15-30m,51.81,50.15,191,trans_cm,x,5.0,100.0,0.072
000007,1,Car,47.55,30-50m,30.96,22.33,19,trans_cm,x,5.0,100.0,0.126
000007,3,Cyclist,34.09,30-50m,25.01,37.51,25,trans_cm,x,5.0,100.0,0.389
000007,0,Car,25.01,15-30m,51.81,50.15,191,trans_cm,x,10.0,100.0,0.144
000007,1,Car,47.55,30-50m,30.96,22.33,19,trans_cm,x,10.0,100.0,0.252
000007,3,Cyclist,34.09,30-50m,25.01,37.51,25,trans_cm,x,10.0,100.0,0.777
000007,0,Car,25.01,15-30m,51.81,50.15,191,trans_cm,y,2.0,100.0,0.613
000007,1,Car,47.55,30-50m,30.96,22.33,19,trans_cm,y,2.0,100.0,0.315
000007,3,Cyclist,34.09,30-50m,25.01,37.51,25,trans_cm,y,2.0,100.0,0.424
000007,0,Car,25.01,15-30m,51.81,50.15,191,trans_cm,y,5.0,100.0,1.532
000007,1,Car,47.55,30-50m,30.96,22.33,19,trans_cm,y,5.0,94.737,0.787
000007,3,Cyclist,34.09,30-50m,25.01,37.51,25,trans_cm,y,5.0,100.0,1.06
000007,0,Car,25.01,15-30m,51.81,50.15,191,trans_cm,y,10.0,97.382,3.064
000007,1,Car,47.55,30-50m,30.96,22.33,19,trans_cm,y,10.0,94.737,1.574
000007,3,Cyclist,34.09,30-50m,25.01,37.51,25,trans_cm,y,10.0,100.0,2.121
000007,0,Car,25.01,15-30m,51.81,50.15,191,trans_cm,z,2.0,100.0,0.613
000007,1,Car,47.55,30-50m,30.96,22.33,19,trans_cm,z,2.0,100.0,0.315
000007,3,Cyclist,34.09,30-50m,25.01,37.51,25,trans_cm,z,2.0,100.0,0.424
000007,0,Car,25.01,15-30m,51.81,50.15,191,trans_cm,z,5.0,100.0,1.533
000007,1,Car,47.55,30-50m,30.96,22.33,19,trans_cm,z,5.0,100.0,0.787
000007,3,Cyclist,34.09,30-50m,25.01,37.51,25,trans_cm,z,5.0,100.0,1.061
000007,0,Car,25.01,15-30m,51.81,50.15,191,trans_cm,z,10.0,100.0,3.065
000007,1,Car,47.55,30-50m,30.96,22.33,19,trans_cm,z,10.0,100.0,1.574
000007,3,Cyclist,34.09,30-50m,25.01,37.51,25,trans_cm,z,10.0,100.0,2.122
000009,0,Car,23.88,15-30m,57.19,52.5,219,baseline,-,0.0,100.0,0.0
000009,0,Car,23.88,15-30m,57.19,52.5,219,yaw_deg,z,0.5,92.694,6.378
000009,0,Car,23.88,15-30m,57.19,52.5,219,yaw_deg,z,1.0,82.192,12.754
000009,0,Car,23.88,15-30m,57.19,52.5,219,yaw_deg,z,2.0,54.795,25.509
000009,0,Car,23.88,15-30m,57.19,52.5,219,yaw_deg,z,3.0,30.137,38.268
000009,0,Car,23.88,15-30m,57.19,52.5,219,trans_cm,x,2.0,100.0,0.034
000009,0,Car,23.88,15-30m,57.19,52.5,219,trans_cm,x,5.0,100.0,0.085
000009,0,Car,23.88,15-30m,57.19,52.5,219,trans_cm,x,10.0,100.0,0.17
000009,0,Car,23.88,15-30m,57.19,52.5,219,trans_cm,y,2.0,100.0,0.643
000009,0,Car,23.88,15-30m,57.19,52.5,219,trans_cm,y,5.0,100.0,1.609
000009,0,Car,23.88,15-30m,57.19,52.5,219,trans_cm,y,10.0,99.087,3.217
000009,0,Car,23.88,15-30m,57.19,52.5,219,trans_cm,z,2.0,100.0,0.644
000009,0,Car,23.88,15-30m,57.19,52.5,219,trans_cm,z,5.0,100.0,1.609
000009,0,Car,23.88,15-30m,57.19,52.5,219,trans_cm,z,10.0,100.0,3.218
000010,1,Car,11.8,0-15m,195.09,108.97,1016,baseline,-,0.0,100.0,0.0
000010,2,Pedestrian,23.51,15-30m,20.14,61.6,23,baseline,-,0.0,100.0,0.0
000010,3,Car,16.5,15-30m,107.22,73.44,340,baseline,-,0.0,100.0,0.0
000010,4,Car,22.05,15-30m,78.21,52.5,48,baseline,-,0.0,100.0,0.0
000010,5,Car,23.64,15-30m,76.5,51.57,246,baseline,-,0.0,100.0,0.0
000010,6,Car,29.07,15-30m,53.95,39.49,55,baseline,-,0.0,100.0,0.0
000010,7,Car,28.53,15-30m,55.39,42.06,33,baseline,-,0.0,100.0,0.0
000010,8,Car,42.85,30-50m,43.47,28.79,20,baseline,-,0.0,100.0,0.0
000010,1,Car,11.8,0-15m,195.09,108.97,1016,yaw_deg,z,0.5,100.0,6.746
000010,2,Pedestrian,23.51,15-30m,20.14,61.6,23,yaw_deg,z,0.5,82.609,7.174
000010,3,Car,16.5,15-30m,107.22,73.44,340,yaw_deg,z,0.5,99.706,7.238
000010,4,Car,22.05,15-30m,78.21,52.5,48,yaw_deg,z,0.5,97.917,6.879
000010,5,Car,23.64,15-30m,76.5,51.57,246,yaw_deg,z,0.5,100.0,6.379
000010,6,Car,29.07,15-30m,53.95,39.49,55,yaw_deg,z,0.5,100.0,6.368
000010,7,Car,28.53,15-30m,55.39,42.06,33,yaw_deg,z,0.5,81.818,6.778
000010,8,Car,42.85,30-50m,43.47,28.79,20,yaw_deg,z,0.5,100.0,6.4
000010,1,Car,11.8,0-15m,195.09,108.97,1016,yaw_deg,z,1.0,100.0,13.518
000010,2,Pedestrian,23.51,15-30m,20.14,61.6,23,yaw_deg,z,1.0,30.435,14.303
000010,3,Car,16.5,15-30m,107.22,73.44,340,yaw_deg,z,1.0,95.882,14.431
000010,4,Car,22.05,15-30m,78.21,52.5,48,yaw_deg,z,1.0,62.5,13.725
000010,5,Car,23.64,15-30m,76.5,51.57,246,yaw_deg,z,1.0,94.309,12.761
000010,6,Car,29.07,15-30m,53.95,39.49,55,yaw_deg,z,1.0,96.364,12.731
000010,7,Car,28.53,15-30m,55.39,42.06,33,yaw_deg,z,1.0,57.576,13.525
000010,8,Car,42.85,30-50m,43.47,28.79,20,yaw_deg,z,1.0,85.0,12.79
000010,1,Car,11.8,0-15m,195.09,108.97,1016,yaw_deg,z,2.0,96.85,27.146
000010,2,Pedestrian,23.51,15-30m,20.14,61.6,23,yaw_deg,z,2.0,0.0,28.435
000010,3,Car,16.5,15-30m,107.22,73.44,340,yaw_deg,z,2.0,87.353,28.687
000010,4,Car,22.05,15-30m,78.21,52.5,48,yaw_deg,z,2.0,25.0,27.323
000010,5,Car,23.64,15-30m,76.5,51.57,246,yaw_deg,z,2.0,76.016,25.536
000010,6,Car,29.07,15-30m,53.95,39.49,55,yaw_deg,z,2.0,89.091,25.453
000010,7,Car,28.53,15-30m,55.39,42.06,33,yaw_deg,z,2.0,12.121,26.936
000010,8,Car,42.85,30-50m,43.47,28.79,20,yaw_deg,z,2.0,25.0,25.54
000010,1,Car,11.8,0-15m,195.09,108.97,1016,yaw_deg,z,3.0,90.846,40.894
000010,2,Pedestrian,23.51,15-30m,20.14,61.6,23,yaw_deg,z,3.0,0.0,42.408
000010,3,Car,16.5,15-30m,107.22,73.44,340,yaw_deg,z,3.0,69.706,42.78
000010,4,Car,22.05,15-30m,78.21,52.5,48,yaw_deg,z,3.0,12.5,40.802
000010,5,Car,23.64,15-30m,76.5,51.57,246,yaw_deg,z,3.0,52.439,38.335
000010,6,Car,29.07,15-30m,53.95,39.49,55,yaw_deg,z,3.0,60.0,38.17
000010,7,Car,28.53,15-30m,55.39,42.06,33,yaw_deg,z,3.0,0.0,40.242
000010,8,Car,42.85,30-50m,43.47,28.79,20,yaw_deg,z,3.0,10.0,38.26
000010,1,Car,11.8,0-15m,195.09,108.97,1016,trans_cm,x,2.0,100.0,0.308
000010,2,Pedestrian,23.51,15-30m,20.14,61.6,23,trans_cm,x,2.0,100.0,0.225
000010,3,Car,16.5,15-30m,107.22,73.44,340,trans_cm,x,2.0,100.0,0.353
000010,4,Car,22.05,15-30m,78.21,52.5,48,trans_cm,x,2.0,100.0,0.203
000010,5,Car,23.64,15-30m,76.5,51.57,246,trans_cm,x,2.0,100.0,0.033
000010,6,Car,29.07,15-30m,53.95,39.49,55,trans_cm,x,2.0,100.0,0.027
000010,7,Car,28.53,15-30m,55.39,42.06,33,trans_cm,x,2.0,100.0,0.14
000010,8,Car,42.85,30-50m,43.47,28.79,20,trans_cm,x,2.0,100.0,0.037
000010,1,Car,11.8,0-15m,195.09,108.97,1016,trans_cm,x,5.0,100.0,0.768
000010,2,Pedestrian,23.51,15-30m,20.14,61.6,23,trans_cm,x,5.0,100.0,0.562
000010,3,Car,16.5,15-30m,107.22,73.44,340,trans_cm,x,5.0,100.0,0.881
000010,4,Car,22.05,15-30m,78.21,52.5,48,trans_cm,x,5.0,100.0,0.507
000010,5,Car,23.64,15-30m,76.5,51.57,246,trans_cm,x,5.0,100.0,0.082
000010,6,Car,29.07,15-30m,53.95,39.49,55,trans_cm,x,5.0,100.0,0.068
000010,7,Car,28.53,15-30m,55.39,42.06,33,trans_cm,x,5.0,100.0,0.35
000010,8,Car,42.85,30-50m,43.47,28.79,20,trans_cm,x,5.0,100.0,0.092
000010,1,Car,11.8,0-15m,195.09,108.97,1016,trans_cm,x,10.0,100.0,1.529
000010,2,Pedestrian,23.51,15-30m,20.14,61.6,23,trans_cm,x,10.0,100.0,1.122
000010,3,Car,16.5,15-30m,107.22,73.44,340,trans_cm,x,10.0,100.0,1.757
000010,4,Car,22.05,15-30m,78.21,52.5,48,trans_cm,x,10.0,100.0,1.011
000010,5,Car,23.64,15-30m,76.5,51.57,246,trans_cm,x,10.0,100.0,0.164
000010,6,Car,29.07,15-30m,53.95,39.49,55,trans_cm,x,10.0,100.0,0.136
000010,7,Car,28.53,15-30m,55.39,42.06,33,trans_cm,x,10.0,100.0,0.699
000010,8,Car,42.85,30-50m,43.47,28.79,20,trans_cm,x,10.0,100.0,0.183
000010,1,Car,11.8,0-15m,195.09,108.97,1016,trans_cm,y,2.0,100.0,1.379
000010,2,Pedestrian,23.51,15-30m,20.14,61.6,23,trans_cm,y,2.0,100.0,0.62
000010,3,Car,16.5,15-30m,107.22,73.44,340,trans_cm,y,2.0,100.0,0.952
000010,4,Car,22.05,15-30m,78.21,52.5,48,trans_cm,y,2.0,100.0,0.698
000010,5,Car,23.64,15-30m,76.5,51.57,246,trans_cm,y,2.0,100.0,0.648
000010,6,Car,29.07,15-30m,53.95,39.49,55,trans_cm,y,2.0,100.0,0.502
000010,7,Car,28.53,15-30m,55.39,42.06,33,trans_cm,y,2.0,100.0,0.531
000010,8,Car,42.85,30-50m,43.47,28.79,20,trans_cm,y,2.0,100.0,0.348
000010,1,Car,11.8,0-15m,195.09,108.97,1016,trans_cm,y,5.0,100.0,3.448
000010,2,Pedestrian,23.51,15-30m,20.14,61.6,23,trans_cm,y,5.0,100.0,1.551
000010,3,Car,16.5,15-30m,107.22,73.44,340,trans_cm,y,5.0,100.0,2.38
000010,4,Car,22.05,15-30m,78.21,52.5,48,trans_cm,y,5.0,100.0,1.744
000010,5,Car,23.64,15-30m,76.5,51.57,246,trans_cm,y,5.0,100.0,1.62
000010,6,Car,29.07,15-30m,53.95,39.49,55,trans_cm,y,5.0,100.0,1.256
000010,7,Car,28.53,15-30m,55.39,42.06,33,trans_cm,y,5.0,100.0,1.327
000010,8,Car,42.85,30-50m,43.47,28.79,20,trans_cm,y,5.0,100.0,0.87
000010,1,Car,11.8,0-15m,195.09,108.97,1016,trans_cm,y,10.0,100.0,6.896
000010,2,Pedestrian,23.51,15-30m,20.14,61.6,23,trans_cm,y,10.0,100.0,3.102
000010,3,Car,16.5,15-30m,107.22,73.44,340,trans_cm,y,10.0,100.0,4.761
000010,4,Car,22.05,15-30m,78.21,52.5,48,trans_cm,y,10.0,100.0,3.489
000010,5,Car,23.64,15-30m,76.5,51.57,246,trans_cm,y,10.0,100.0,3.24
000010,6,Car,29.07,15-30m,53.95,39.49,55,trans_cm,y,10.0,100.0,2.511
000010,7,Car,28.53,15-30m,55.39,42.06,33,trans_cm,y,10.0,100.0,2.655
000010,8,Car,42.85,30-50m,43.47,28.79,20,trans_cm,y,10.0,100.0,1.74
000010,1,Car,11.8,0-15m,195.09,108.97,1016,trans_cm,z,2.0,100.0,1.381
000010,2,Pedestrian,23.51,15-30m,20.14,61.6,23,trans_cm,z,2.0,100.0,0.62
000010,3,Car,16.5,15-30m,107.22,73.44,340,trans_cm,z,2.0,100.0,0.953
000010,4,Car,22.05,15-30m,78.21,52.5,48,trans_cm,z,2.0,100.0,0.698
000010,5,Car,23.64,15-30m,76.5,51.57,246,trans_cm,z,2.0,100.0,0.648
000010,6,Car,29.07,15-30m,53.95,39.49,55,trans_cm,z,2.0,92.727,0.502
000010,7,Car,28.53,15-30m,55.39,42.06,33,trans_cm,z,2.0,100.0,0.531
000010,8,Car,42.85,30-50m,43.47,28.79,20,trans_cm,z,2.0,100.0,0.348
000010,1,Car,11.8,0-15m,195.09,108.97,1016,trans_cm,z,5.0,100.0,3.451
000010,2,Pedestrian,23.51,15-30m,20.14,61.6,23,trans_cm,z,5.0,100.0,1.551
000010,3,Car,16.5,15-30m,107.22,73.44,340,trans_cm,z,5.0,100.0,2.382
000010,4,Car,22.05,15-30m,78.21,52.5,48,trans_cm,z,5.0,100.0,1.745
000010,5,Car,23.64,15-30m,76.5,51.57,246,trans_cm,z,5.0,100.0,1.621
000010,6,Car,29.07,15-30m,53.95,39.49,55,trans_cm,z,5.0,87.273,1.256
000010,7,Car,28.53,15-30m,55.39,42.06,33,trans_cm,z,5.0,100.0,1.328
000010,8,Car,42.85,30-50m,43.47,28.79,20,trans_cm,z,5.0,100.0,0.87
000010,1,Car,11.8,0-15m,195.09,108.97,1016,trans_cm,z,10.0,98.819,6.902
000010,2,Pedestrian,23.51,15-30m,20.14,61.6,23,trans_cm,z,10.0,100.0,3.102
000010,3,Car,16.5,15-30m,107.22,73.44,340,trans_cm,z,10.0,100.0,4.763
000010,4,Car,22.05,15-30m,78.21,52.5,48,trans_cm,z,10.0,100.0,3.49
000010,5,Car,23.64,15-30m,76.5,51.57,246,trans_cm,z,10.0,100.0,3.241
000010,6,Car,29.07,15-30m,53.95,39.49,55,trans_cm,z,10.0,87.273,2.512
000010,7,Car,28.53,15-30m,55.39,42.06,33,trans_cm,z,10.0,100.0,2.656
000010,8,Car,42.85,30-50m,43.47,28.79,20,trans_cm,z,10.0,100.0,1.741
000012,0,Car,58.84,>50m,28.01,19.18,13,baseline,-,0.0,100.0,0.0
000012,1,Van,65.02,>50m,33.53,29.27,39,baseline,-,0.0,100.0,0.0
000012,0,Car,58.84,>50m,28.01,19.18,13,yaw_deg,z,0.5,100.0,6.381
000012,1,Van,65.02,>50m,33.53,29.27,39,yaw_deg,z,0.5,89.744,6.59
000012,0,Car,58.84,>50m,28.01,19.18,13,yaw_deg,z,1.0,84.615,12.753
000012,1,Van,65.02,>50m,33.53,29.27,39,yaw_deg,z,1.0,58.974,13.204
000012,0,Car,58.84,>50m,28.01,19.18,13,yaw_deg,z,2.0,7.692,25.471
000012,1,Van,65.02,>50m,33.53,29.27,39,yaw_deg,z,2.0,10.256,26.51
000012,0,Car,58.84,>50m,28.01,19.18,13,yaw_deg,z,3.0,0.0,38.161
000012,1,Van,65.02,>50m,33.53,29.27,39,yaw_deg,z,3.0,0.0,39.926
000012,0,Car,58.84,>50m,28.01,19.18,13,trans_cm,x,2.0,100.0,0.025
000012,1,Van,65.02,>50m,33.53,29.27,39,trans_cm,x,2.0,100.0,0.046
000012,0,Car,58.84,>50m,28.01,19.18,13,trans_cm,x,5.0,100.0,0.063
000012,1,Van,65.02,>50m,33.53,29.27,39,trans_cm,x,5.0,100.0,0.115
000012,0,Car,58.84,>50m,28.01,19.18,13,trans_cm,x,10.0,100.0,0.125
000012,1,Van,65.02,>50m,33.53,29.27,39,trans_cm,x,10.0,100.0,0.229
000012,0,Car,58.84,>50m,28.01,19.18,13,trans_cm,y,2.0,100.0,0.252
000012,1,Van,65.02,>50m,33.53,29.27,39,trans_cm,y,2.0,100.0,0.23
000012,0,Car,58.84,>50m,28.01,19.18,13,trans_cm,y,5.0,100.0,0.631
000012,1,Van,65.02,>50m,33.53,29.27,39,trans_cm,y,5.0,100.0,0.575
000012,0,Car,58.84,>50m,28.01,19.18,13,trans_cm,y,10.0,100.0,1.262
000012,1,Van,65.02,>50m,33.53,29.27,39,trans_cm,y,10.0,100.0,1.15
000012,0,Car,58.84,>50m,28.01,19.18,13,trans_cm,z,2.0,100.0,0.252
000012,1,Van,65.02,>50m,33.53,29.27,39,trans_cm,z,2.0,100.0,0.23
000012,0,Car,58.84,>50m,28.01,19.18,13,trans_cm,z,5.0,100.0,0.631
000012,1,Van,65.02,>50m,33.53,29.27,39,trans_cm,z,5.0,100.0,0.575
000012,0,Car,58.84,>50m,28.01,19.18,13,trans_cm,z,10.0,100.0,1.262
000012,1,Van,65.02,>50m,33.53,29.27,39,trans_cm,z,10.0,100.0,1.15
000019,1,Car,9.72,0-15m,202.15,136.9,1236,baseline,-,0.0,100.0,0.0
000019,2,Van,35.34,30-50m,44.31,43.28,106,baseline,-,0.0,100.0,0.0
000019,3,Car,59.59,>50m,24.41,20.23,19,baseline,-,0.0,100.0,0.0
000019,1,Car,9.72,0-15m,202.15,136.9,1236,yaw_deg,z,0.5,100.0,7.123
000019,2,Van,35.34,30-50m,44.31,43.28,106,yaw_deg,z,0.5,93.396,6.376
000019,3,Car,59.59,>50m,24.41,20.23,19,yaw_deg,z,0.5,68.421,6.36
000019,1,Car,9.72,0-15m,202.15,136.9,1236,yaw_deg,z,1.0,99.191,14.207
000019,2,Van,35.34,30-50m,44.31,43.28,106,yaw_deg,z,1.0,73.585,12.745
000019,3,Car,59.59,>50m,24.41,20.23,19,yaw_deg,z,1.0,31.579,12.729
000019,1,Car,9.72,0-15m,202.15,136.9,1236,yaw_deg,z,2.0,94.013,28.266
000019,2,Van,35.34,30-50m,44.31,43.28,106,yaw_deg,z,2.0,39.623,25.467
000019,3,Car,59.59,>50m,24.41,20.23,19,yaw_deg,z,2.0,0.0,25.495
000019,1,Car,9.72,0-15m,202.15,136.9,1236,yaw_deg,z,3.0,88.835,42.187
000019,2,Van,35.34,30-50m,44.31,43.28,106,yaw_deg,z,3.0,12.264,38.174
000019,3,Car,59.59,>50m,24.41,20.23,19,yaw_deg,z,3.0,0.0,38.308
000019,1,Car,9.72,0-15m,202.15,136.9,1236,trans_cm,x,2.0,100.0,0.586
000019,2,Van,35.34,30-50m,44.31,43.28,106,trans_cm,x,2.0,100.0,0.032
000019,3,Car,59.59,>50m,24.41,20.23,19,trans_cm,x,2.0,100.0,0.017
000019,1,Car,9.72,0-15m,202.15,136.9,1236,trans_cm,x,5.0,100.0,1.458
000019,2,Van,35.34,30-50m,44.31,43.28,106,trans_cm,x,5.0,100.0,0.081
000019,3,Car,59.59,>50m,24.41,20.23,19,trans_cm,x,5.0,100.0,0.044
000019,1,Car,9.72,0-15m,202.15,136.9,1236,trans_cm,x,10.0,100.0,2.899
000019,2,Van,35.34,30-50m,44.31,43.28,106,trans_cm,x,10.0,100.0,0.162
000019,3,Car,59.59,>50m,24.41,20.23,19,trans_cm,x,10.0,100.0,0.087
000019,1,Car,9.72,0-15m,202.15,136.9,1236,trans_cm,y,2.0,100.0,1.748
000019,2,Van,35.34,30-50m,44.31,43.28,106,trans_cm,y,2.0,100.0,0.433
000019,3,Car,59.59,>50m,24.41,20.23,19,trans_cm,y,2.0,100.0,0.25
000019,1,Car,9.72,0-15m,202.15,136.9,1236,trans_cm,y,5.0,100.0,4.371
000019,2,Van,35.34,30-50m,44.31,43.28,106,trans_cm,y,5.0,100.0,1.082
000019,3,Car,59.59,>50m,24.41,20.23,19,trans_cm,y,5.0,100.0,0.624
000019,1,Car,9.72,0-15m,202.15,136.9,1236,trans_cm,y,10.0,100.0,8.742
000019,2,Van,35.34,30-50m,44.31,43.28,106,trans_cm,y,10.0,100.0,2.164
000019,3,Car,59.59,>50m,24.41,20.23,19,trans_cm,y,10.0,100.0,1.249
000019,1,Car,9.72,0-15m,202.15,136.9,1236,trans_cm,z,2.0,100.0,1.751
000019,2,Van,35.34,30-50m,44.31,43.28,106,trans_cm,z,2.0,100.0,0.433
000019,3,Car,59.59,>50m,24.41,20.23,19,trans_cm,z,2.0,100.0,0.25
000019,1,Car,9.72,0-15m,202.15,136.9,1236,trans_cm,z,5.0,98.22,4.377
000019,2,Van,35.34,30-50m,44.31,43.28,106,trans_cm,z,5.0,100.0,1.082
000019,3,Car,59.59,>50m,24.41,20.23,19,trans_cm,z,5.0,100.0,0.624
000019,1,Car,9.72,0-15m,202.15,136.9,1236,trans_cm,z,10.0,95.146,8.753
000019,2,Van,35.34,30-50m,44.31,43.28,106,trans_cm,z,10.0,100.0,2.164
000019,3,Car,59.59,>50m,24.41,20.23,19,trans_cm,z,10.0,100.0,1.249
000025,1,Car,10.42,0-15m,185.93,125.45,1121,baseline,-,0.0,100.0,0.0
000025,2,Car,30.18,30-50m,56.01,43.9,61,baseline,-,0.0,100.0,0.0
000025,3,Car,17.48,15-30m,81.18,71.03,316,baseline,-,0.0,100.0,0.0
000025,4,Cyclist,44.63,30-50m,9.8,29.77,21,baseline,-,0.0,100.0,0.0
000025,5,Car,22.3,15-30m,59.17,49.21,27,baseline,-,0.0,100.0,0.0
000025,1,Car,10.42,0-15m,185.93,125.45,1121,yaw_deg,z,0.5,99.732,6.846
000025,2,Car,30.18,30-50m,56.01,43.9,61,yaw_deg,z,0.5,91.803,6.369
000025,3,Car,17.48,15-30m,81.18,71.03,316,yaw_deg,z,0.5,98.734,6.679
000025,4,Cyclist,44.63,30-50m,9.8,29.77,21,yaw_deg,z,0.5,23.81,6.356
000025,5,Car,22.3,15-30m,59.17,49.21,27,yaw_deg,z,0.5,51.852,6.537
000025,1,Car,10.42,0-15m,185.93,125.45,1121,yaw_deg,z,1.0,97.681,13.72
000025,2,Car,30.18,30-50m,56.01,43.9,61,yaw_deg,z,1.0,78.689,12.743
000025,3,Car,17.48,15-30m,81.18,71.03,316,yaw_deg,z,1.0,92.722,13.333
000025,4,Cyclist,44.63,30-50m,9.8,29.77,21,yaw_deg,z,1.0,0.0,12.707
000025,5,Car,22.3,15-30m,59.17,49.21,27,yaw_deg,z,1.0,7.407,13.057
000025,1,Car,10.42,0-15m,185.93,125.45,1121,yaw_deg,z,2.0,90.544,27.563
000025,2,Car,30.18,30-50m,56.01,43.9,61,yaw_deg,z,2.0,40.984,25.508
000025,3,Car,17.48,15-30m,81.18,71.03,316,yaw_deg,z,2.0,73.734,26.576
000025,4,Cyclist,44.63,30-50m,9.8,29.77,21,yaw_deg,z,2.0,0.0,25.395
000025,5,Car,22.3,15-30m,59.17,49.21,27,yaw_deg,z,2.0,0.0,26.048
000025,1,Car,10.42,0-15m,185.93,125.45,1121,yaw_deg,z,3.0,82.872,41.537
000025,2,Car,30.18,30-50m,56.01,43.9,61,yaw_deg,z,3.0,13.115,38.305
000025,3,Car,17.48,15-30m,81.18,71.03,316,yaw_deg,z,3.0,52.215,39.736
000025,4,Cyclist,44.63,30-50m,9.8,29.77,21,yaw_deg,z,3.0,0.0,38.071
000025,5,Car,22.3,15-30m,59.17,49.21,27,yaw_deg,z,3.0,0.0,38.982
000025,1,Car,10.42,0-15m,185.93,125.45,1121,trans_cm,x,2.0,100.0,0.394
000025,2,Car,30.18,30-50m,56.01,43.9,61,trans_cm,x,2.0,100.0,0.024
000025,3,Car,17.48,15-30m,81.18,71.03,316,trans_cm,x,2.0,100.0,0.195
000025,4,Cyclist,44.63,30-50m,9.8,29.77,21,trans_cm,x,2.0,100.0,0.021
000025,5,Car,22.3,15-30m,59.17,49.21,27,trans_cm,x,2.0,100.0,0.116
000025,1,Car,10.42,0-15m,185.93,125.45,1121,trans_cm,x,5.0,100.0,0.982
000025,2,Car,30.18,30-50m,56.01,43.9,61,trans_cm,x,5.0,100.0,0.061
000025,3,Car,17.48,15-30m,81.18,71.03,316,trans_cm,x,5.0,100.0,0.487
000025,4,Cyclist,44.63,30-50m,9.8,29.77,21,trans_cm,x,5.0,100.0,0.052
000025,5,Car,22.3,15-30m,59.17,49.21,27,trans_cm,x,5.0,100.0,0.29
000025,1,Car,10.42,0-15m,185.93,125.45,1121,trans_cm,x,10.0,100.0,1.953
000025,2,Car,30.18,30-50m,56.01,43.9,61,trans_cm,x,10.0,100.0,0.121
000025,3,Car,17.48,15-30m,81.18,71.03,316,trans_cm,x,10.0,100.0,0.971
000025,4,Cyclist,44.63,30-50m,9.8,29.77,21,trans_cm,x,10.0,100.0,0.104
000025,5,Car,22.3,15-30m,59.17,49.21,27,trans_cm,x,10.0,100.0,0.578
000025,1,Car,10.42,0-15m,185.93,125.45,1121,trans_cm,y,2.0,100.0,1.632
000025,2,Car,30.18,30-50m,56.01,43.9,61,trans_cm,y,2.0,100.0,0.508
000025,3,Car,17.48,15-30m,81.18,71.03,316,trans_cm,y,2.0,100.0,0.881
000025,4,Cyclist,44.63,30-50m,9.8,29.77,21,trans_cm,y,2.0,100.0,0.323
000025,5,Car,22.3,15-30m,59.17,49.21,27,trans_cm,y,2.0,100.0,0.684
000025,1,Car,10.42,0-15m,185.93,125.45,1121,trans_cm,y,5.0,99.911,4.079
000025,2,Car,30.18,30-50m,56.01,43.9,61,trans_cm,y,5.0,100.0,1.27
000025,3,Car,17.48,15-30m,81.18,71.03,316,trans_cm,y,5.0,100.0,2.202
000025,4,Cyclist,44.63,30-50m,9.8,29.77,21,trans_cm,y,5.0,100.0,0.808
000025,5,Car,22.3,15-30m,59.17,49.21,27,trans_cm,y,5.0,100.0,1.71
000025,1,Car,10.42,0-15m,185.93,125.45,1121,trans_cm,y,10.0,99.643,8.159
000025,2,Car,30.18,30-50m,56.01,43.9,61,trans_cm,y,10.0,100.0,2.54
000025,3,Car,17.48,15-30m,81.18,71.03,316,trans_cm,y,10.0,100.0,4.404
000025,4,Cyclist,44.63,30-50m,9.8,29.77,21,trans_cm,y,10.0,95.238,1.616
000025,5,Car,22.3,15-30m,59.17,49.21,27,trans_cm,y,10.0,96.296,3.419
000025,1,Car,10.42,0-15m,185.93,125.45,1121,trans_cm,z,2.0,100.0,1.633
000025,2,Car,30.18,30-50m,56.01,43.9,61,trans_cm,z,2.0,100.0,0.508
000025,3,Car,17.48,15-30m,81.18,71.03,316,trans_cm,z,2.0,100.0,0.881
000025,4,Cyclist,44.63,30-50m,9.8,29.77,21,trans_cm,z,2.0,100.0,0.323
000025,5,Car,22.3,15-30m,59.17,49.21,27,trans_cm,z,2.0,100.0,0.684
000025,1,Car,10.42,0-15m,185.93,125.45,1121,trans_cm,z,5.0,100.0,4.083
000025,2,Car,30.18,30-50m,56.01,43.9,61,trans_cm,z,5.0,100.0,1.27
000025,3,Car,17.48,15-30m,81.18,71.03,316,trans_cm,z,5.0,100.0,2.203
000025,4,Cyclist,44.63,30-50m,9.8,29.77,21,trans_cm,z,5.0,100.0,0.808
000025,5,Car,22.3,15-30m,59.17,49.21,27,trans_cm,z,5.0,100.0,1.71
000025,1,Car,10.42,0-15m,185.93,125.45,1121,trans_cm,z,10.0,100.0,8.166
000025,2,Car,30.18,30-50m,56.01,43.9,61,trans_cm,z,10.0,100.0,2.541
000025,3,Car,17.48,15-30m,81.18,71.03,316,trans_cm,z,10.0,100.0,4.406
000025,4,Cyclist,44.63,30-50m,9.8,29.77,21,trans_cm,z,10.0,85.714,1.617
000025,5,Car,22.3,15-30m,59.17,49.21,27,trans_cm,z,10.0,74.074,3.421
000031,0,Car,12.2,0-15m,155.74,116.83,1028,baseline,-,0.0,100.0,0.0
000031,1,Car,8.46,0-15m,242.97,161.08,1028,baseline,-,0.0,100.0,0.0
000031,2,Car,13.14,0-15m,136.84,97.97,517,baseline,-,0.0,100.0,0.0
000031,3,Truck,22.27,15-30m,93.86,96.67,328,baseline,-,0.0,100.0,0.0
000031,4,Car,26.41,15-30m,52.27,43.31,141,baseline,-,0.0,100.0,0.0
000031,5,Van,51.9,>50m,28.41,28.87,32,baseline,-,0.0,100.0,0.0
000031,0,Car,12.2,0-15m,155.74,116.83,1028,yaw_deg,z,0.5,99.708,6.95
000031,1,Car,8.46,0-15m,242.97,161.08,1028,yaw_deg,z,0.5,100.0,7.678
000031,2,Car,13.14,0-15m,136.84,97.97,517,yaw_deg,z,0.5,98.259,6.715
000031,3,Truck,22.27,15-30m,93.86,96.67,328,yaw_deg,z,0.5,97.561,6.541
000031,4,Car,26.41,15-30m,52.27,43.31,141,yaw_deg,z,0.5,92.908,6.43
000031,5,Van,51.9,>50m,28.41,28.87,32,yaw_deg,z,0.5,87.5,6.338
000031,0,Car,12.2,0-15m,155.74,116.83,1028,yaw_deg,z,1.0,97.276,13.936
000031,1,Car,8.46,0-15m,242.97,161.08,1028,yaw_deg,z,1.0,98.93,15.299
000031,2,Car,13.14,0-15m,136.84,97.97,517,yaw_deg,z,1.0,94.971,13.406
000031,3,Truck,22.27,15-30m,93.86,96.67,328,yaw_deg,z,1.0,92.683,13.101
000031,4,Car,26.41,15-30m,52.27,43.31,141,yaw_deg,z,1.0,78.014,12.85
000031,5,Van,51.9,>50m,28.41,28.87,32,yaw_deg,z,1.0,59.375,12.673
000031,0,Car,12.2,0-15m,155.74,116.83,1028,yaw_deg,z,2.0,87.84,28.017
000031,1,Car,8.46,0-15m,242.97,161.08,1028,yaw_deg,z,2.0,95.039,30.378
000031,2,Car,13.14,0-15m,136.84,97.97,517,yaw_deg,z,2.0,83.559,26.72
000031,3,Truck,22.27,15-30m,93.86,96.67,328,yaw_deg,z,2.0,77.744,26.283
000031,4,Car,26.41,15-30m,52.27,43.31,141,yaw_deg,z,2.0,48.227,25.66
000031,5,Van,51.9,>50m,28.41,28.87,32,yaw_deg,z,2.0,9.375,25.338
000031,0,Car,12.2,0-15m,155.74,116.83,1028,yaw_deg,z,3.0,77.918,42.256
000031,1,Car,8.46,0-15m,242.97,161.08,1028,yaw_deg,z,3.0,92.704,45.25
000031,2,Car,13.14,0-15m,136.84,97.97,517,yaw_deg,z,3.0,67.892,39.953
000031,3,Truck,22.27,15-30m,93.86,96.67,328,yaw_deg,z,3.0,63.72,39.554
000031,4,Car,26.41,15-30m,52.27,43.31,141,yaw_deg,z,3.0,20.567,38.44
000031,5,Van,51.9,>50m,28.41,28.87,32,yaw_deg,z,3.0,0.0,38.005
000031,0,Car,12.2,0-15m,155.74,116.83,1028,trans_cm,x,2.0,100.0,0.385
000031,1,Car,8.46,0-15m,242.97,161.08,1028,trans_cm,x,2.0,100.0,0.905
000031,2,Car,13.14,0-15m,136.84,97.97,517,trans_cm,x,2.0,100.0,0.28
000031,3,Truck,22.27,15-30m,93.86,96.67,328,trans_cm,x,2.0,100.0,0.111
000031,4,Car,26.41,15-30m,52.27,43.31,141,trans_cm,x,2.0,100.0,0.064
000031,5,Van,51.9,>50m,28.41,28.87,32,trans_cm,x,2.0,100.0,0.012
000031,0,Car,12.2,0-15m,155.74,116.83,1028,trans_cm,x,5.0,100.0,0.959
000031,1,Car,8.46,0-15m,242.97,161.08,1028,trans_cm,x,5.0,100.0,2.252
000031,2,Car,13.14,0-15m,136.84,97.97,517,trans_cm,x,5.0,100.0,0.699
000031,3,Truck,22.27,15-30m,93.86,96.67,328,trans_cm,x,5.0,100.0,0.276
000031,4,Car,26.41,15-30m,52.27,43.31,141,trans_cm,x,5.0,100.0,0.16
000031,5,Van,51.9,>50m,28.41,28.87,32,trans_cm,x,5.0,100.0,0.029
000031,0,Car,12.2,0-15m,155.74,116.83,1028,trans_cm,x,10.0,100.0,1.908
000031,1,Car,8.46,0-15m,242.97,161.08,1028,trans_cm,x,10.0,100.0,4.472
000031,2,Car,13.14,0-15m,136.84,97.97,517,trans_cm,x,10.0,100.0,1.392
000031,3,Truck,22.27,15-30m,93.86,96.67,328,trans_cm,x,10.0,100.0,0.551
000031,4,Car,26.41,15-30m,52.27,43.31,141,trans_cm,x,10.0,100.0,0.319
000031,5,Van,51.9,>50m,28.41,28.87,32,trans_cm,x,10.0,100.0,0.058
000031,0,Car,12.2,0-15m,155.74,116.83,1028,trans_cm,y,2.0,100.0,1.357
000031,1,Car,8.46,0-15m,242.97,161.08,1028,trans_cm,y,2.0,100.0,2.026
000031,2,Car,13.14,0-15m,136.84,97.97,517,trans_cm,y,2.0,100.0,1.218
000031,3,Truck,22.27,15-30m,93.86,96.67,328,trans_cm,y,2.0,100.0,0.684
000031,4,Car,26.41,15-30m,52.27,43.31,141,trans_cm,y,2.0,100.0,0.584
000031,5,Van,51.9,>50m,28.41,28.87,32,trans_cm,y,2.0,100.0,0.289
000031,0,Car,12.2,0-15m,155.74,116.83,1028,trans_cm,y,5.0,100.0,3.392
000031,1,Car,8.46,0-15m,242.97,161.08,1028,trans_cm,y,5.0,100.0,5.065
000031,2,Car,13.14,0-15m,136.84,97.97,517,trans_cm,y,5.0,99.807,3.045
000031,3,Truck,22.27,15-30m,93.86,96.67,328,trans_cm,y,5.0,100.0,1.709
000031,4,Car,26.41,15-30m,52.27,43.31,141,trans_cm,y,5.0,100.0,1.46
000031,5,Van,51.9,>50m,28.41,28.87,32,trans_cm,y,5.0,100.0,0.724
000031,0,Car,12.2,0-15m,155.74,116.83,1028,trans_cm,y,10.0,99.708,6.784
000031,1,Car,8.46,0-15m,242.97,161.08,1028,trans_cm,y,10.0,100.0,10.129
000031,2,Car,13.14,0-15m,136.84,97.97,517,trans_cm,y,10.0,98.839,6.09
000031,3,Truck,22.27,15-30m,93.86,96.67,328,trans_cm,y,10.0,99.695,3.418
000031,4,Car,26.41,15-30m,52.27,43.31,141,trans_cm,y,10.0,99.291,2.92
000031,5,Van,51.9,>50m,28.41,28.87,32,trans_cm,y,10.0,100.0,1.447
000031,0,Car,12.2,0-15m,155.74,116.83,1028,trans_cm,z,2.0,100.0,1.358
000031,1,Car,8.46,0-15m,242.97,161.08,1028,trans_cm,z,2.0,100.0,2.028
000031,2,Car,13.14,0-15m,136.84,97.97,517,trans_cm,z,2.0,100.0,1.219
000031,3,Truck,22.27,15-30m,93.86,96.67,328,trans_cm,z,2.0,100.0,0.684
000031,4,Car,26.41,15-30m,52.27,43.31,141,trans_cm,z,2.0,100.0,0.584
000031,5,Van,51.9,>50m,28.41,28.87,32,trans_cm,z,2.0,100.0,0.289
000031,0,Car,12.2,0-15m,155.74,116.83,1028,trans_cm,z,5.0,100.0,3.395
000031,1,Car,8.46,0-15m,242.97,161.08,1028,trans_cm,z,5.0,96.206,5.07
000031,2,Car,13.14,0-15m,136.84,97.97,517,trans_cm,z,5.0,100.0,3.047
000031,3,Truck,22.27,15-30m,93.86,96.67,328,trans_cm,z,5.0,100.0,1.709
000031,4,Car,26.41,15-30m,52.27,43.31,141,trans_cm,z,5.0,100.0,1.46
000031,5,Van,51.9,>50m,28.41,28.87,32,trans_cm,z,5.0,100.0,0.724
000031,0,Car,12.2,0-15m,155.74,116.83,1028,trans_cm,z,10.0,97.179,6.789
000031,1,Car,8.46,0-15m,242.97,161.08,1028,trans_cm,z,10.0,91.44,10.139
000031,2,Car,13.14,0-15m,136.84,97.97,517,trans_cm,z,10.0,100.0,6.093
000031,3,Truck,22.27,15-30m,93.86,96.67,328,trans_cm,z,10.0,100.0,3.418
000031,4,Car,26.41,15-30m,52.27,43.31,141,trans_cm,z,10.0,100.0,2.921
000031,5,Van,51.9,>50m,28.41,28.87,32,trans_cm,z,10.0,100.0,1.447
000032,0,Car,9.0,0-15m,257.37,155.37,1435,baseline,-,0.0,100.0,0.0
000032,1,Car,8.6,0-15m,238.19,153.07,1352,baseline,-,0.0,99.852,0.0
000032,2,Van,14.34,0-15m,148.49,123.14,803,baseline,-,0.0,100.0,0.0
000032,3,Car,13.47,0-15m,151.48,93.39,410,baseline,-,0.0,100.0,0.0
000032,4,Car,19.85,15-30m,68.32,57.37,71,baseline,-,0.0,100.0,0.0
000032,5,Van,22.71,15-30m,249.02,89.41,584,baseline,-,0.0,100.0,0.0
000032,6,Car,25.25,15-30m,81.16,55.23,75,baseline,-,0.0,100.0,0.0
000032,7,Van,44.71,30-50m,32.08,33.91,64,baseline,-,0.0,100.0,0.0
000032,8,Van,39.04,30-50m,136.41,51.92,154,baseline,-,0.0,100.0,0.0
000032,9,Car,44.75,30-50m,36.77,25.41,39,baseline,-,0.0,100.0,0.0
000032,0,Car,9.0,0-15m,257.37,155.37,1435,yaw_deg,z,0.5,100.0,7.505
000032,1,Car,8.6,0-15m,238.19,153.07,1352,yaw_deg,z,0.5,100.0,7.479
000032,2,Van,14.34,0-15m,148.49,123.14,803,yaw_deg,z,0.5,100.0,6.823
000032,3,Car,13.47,0-15m,151.48,93.39,410,yaw_deg,z,0.5,100.0,6.726
000032,4,Car,19.85,15-30m,68.32,57.37,71,yaw_deg,z,0.5,83.099,6.545
000032,5,Van,22.71,15-30m,249.02,89.41,584,yaw_deg,z,0.5,100.0,7.681
000032,6,Car,25.25,15-30m,81.16,55.23,75,yaw_deg,z,0.5,100.0,6.653
000032,7,Van,44.71,30-50m,32.08,33.91,64,yaw_deg,z,0.5,90.625,6.34
000032,8,Van,39.04,30-50m,136.41,51.92,154,yaw_deg,z,0.5,99.351,6.869
000032,9,Car,44.75,30-50m,36.77,25.41,39,yaw_deg,z,0.5,87.179,6.463
000032,0,Car,9.0,0-15m,257.37,155.37,1435,yaw_deg,z,1.0,100.0,15.064
000032,1,Car,8.6,0-15m,238.19,153.07,1352,yaw_deg,z,1.0,98.669,14.907
000032,2,Van,14.34,0-15m,148.49,123.14,803,yaw_deg,z,1.0,100.0,13.677
000032,3,Car,13.47,0-15m,151.48,93.39,410,yaw_deg,z,1.0,96.341,13.427
000032,4,Car,19.85,15-30m,68.32,57.37,71,yaw_deg,z,1.0,64.789,13.072
000032,5,Van,22.71,15-30m,249.02,89.41,584,yaw_deg,z,1.0,100.0,15.425
000032,6,Car,25.25,15-30m,81.16,55.23,75,yaw_deg,z,1.0,97.333,13.281
000032,7,Van,44.71,30-50m,32.08,33.91,64,yaw_deg,z,1.0,67.188,12.678
000032,8,Van,39.04,30-50m,136.41,51.92,154,yaw_deg,z,1.0,87.662,13.704
000032,9,Car,44.75,30-50m,36.77,25.41,39,yaw_deg,z,1.0,64.103,12.943
000032,0,Car,9.0,0-15m,257.37,155.37,1435,yaw_deg,z,2.0,98.955,30.352
000032,1,Car,8.6,0-15m,238.19,153.07,1352,yaw_deg,z,2.0,94.231,29.619
000032,2,Van,14.34,0-15m,148.49,123.14,803,yaw_deg,z,2.0,98.132,27.481
000032,3,Car,13.47,0-15m,151.48,93.39,410,yaw_deg,z,2.0,85.854,26.761
000032,4,Car,19.85,15-30m,68.32,57.37,71,yaw_deg,z,2.0,25.352,26.078
000032,5,Van,22.71,15-30m,249.02,89.41,584,yaw_deg,z,2.0,100.0,31.108
000032,6,Car,25.25,15-30m,81.16,55.23,75,yaw_deg,z,2.0,74.667,26.469
000032,7,Van,44.71,30-50m,32.08,33.91,64,yaw_deg,z,2.0,23.438,25.354
000032,8,Van,39.04,30-50m,136.41,51.92,154,yaw_deg,z,2.0,71.429,27.276
000032,9,Car,44.75,30-50m,36.77,25.41,39,yaw_deg,z,2.0,20.513,25.957
000032,0,Car,9.0,0-15m,257.37,155.37,1435,yaw_deg,z,3.0,94.913,45.882
000032,1,Car,8.6,0-15m,238.19,153.07,1352,yaw_deg,z,3.0,89.793,44.149
000032,2,Van,14.34,0-15m,148.49,123.14,803,yaw_deg,z,3.0,93.898,41.426
000032,3,Car,13.47,0-15m,151.48,93.39,410,yaw_deg,z,3.0,72.683,40.012
000032,4,Car,19.85,15-30m,68.32,57.37,71,yaw_deg,z,3.0,11.268,39.028
000032,5,Van,22.71,15-30m,249.02,89.41,584,yaw_deg,z,3.0,100.0,47.065
000032,6,Car,25.25,15-30m,81.16,55.23,75,yaw_deg,z,3.0,56.0,39.575
000032,7,Van,44.71,30-50m,32.08,33.91,64,yaw_deg,z,3.0,0.0,38.034
000032,8,Van,39.04,30-50m,136.41,51.92,154,yaw_deg,z,3.0,52.597,40.727
000032,9,Car,44.75,30-50m,36.77,25.41,39,yaw_deg,z,3.0,0.0,39.049
000032,0,Car,9.0,0-15m,257.37,155.37,1435,trans_cm,x,2.0,100.0,0.717
000032,1,Car,8.6,0-15m,238.19,153.07,1352,trans_cm,x,2.0,100.0,0.821
000032,2,Van,14.34,0-15m,148.49,123.14,803,trans_cm,x,2.0,100.0,0.275
000032,3,Car,13.47,0-15m,151.48,93.39,410,trans_cm,x,2.0,100.0,0.281
000032,4,Car,19.85,15-30m,68.32,57.37,71,trans_cm,x,2.0,100.0,0.128
000032,5,Van,22.71,15-30m,249.02,89.41,584,trans_cm,x,2.0,100.0,0.299
000032,6,Car,25.25,15-30m,81.16,55.23,75,trans_cm,x,2.0,100.0,0.133
000032,7,Van,44.71,30-50m,32.08,33.91,64,trans_cm,x,2.0,100.0,0.01
000032,8,Van,39.04,30-50m,136.41,51.92,154,trans_cm,x,2.0,100.0,0.112
000032,9,Car,44.75,30-50m,36.77,25.41,39,trans_cm,x,2.0,100.0,0.046
000032,0,Car,9.0,0-15m,257.37,155.37,1435,trans_cm,x,5.0,100.0,1.787
000032,1,Car,8.6,0-15m,238.19,153.07,1352,trans_cm,x,5.0,100.0,2.044
000032,2,Van,14.34,0-15m,148.49,123.14,803,trans_cm,x,5.0,100.0,0.685
000032,3,Car,13.47,0-15m,151.48,93.39,410,trans_cm,x,5.0,100.0,0.701
000032,4,Car,19.85,15-30m,68.32,57.37,71,trans_cm,x,5.0,100.0,0.32
000032,5,Van,22.71,15-30m,249.02,89.41,584,trans_cm,x,5.0,100.0,0.747
000032,6,Car,25.25,15-30m,81.16,55.23,75,trans_cm,x,5.0,100.0,0.333
000032,7,Van,44.71,30-50m,32.08,33.91,64,trans_cm,x,5.0,100.0,0.025
000032,8,Van,39.04,30-50m,136.41,51.92,154,trans_cm,x,5.0,100.0,0.279
000032,9,Car,44.75,30-50m,36.77,25.41,39,trans_cm,x,5.0,100.0,0.116
000032,0,Car,9.0,0-15m,257.37,155.37,1435,trans_cm,x,10.0,100.0,3.55
000032,1,Car,8.6,0-15m,238.19,153.07,1352,trans_cm,x,10.0,100.0,4.061
000032,2,Van,14.34,0-15m,148.49,123.14,803,trans_cm,x,10.0,100.0,1.366
000032,3,Car,13.47,0-15m,151.48,93.39,410,trans_cm,x,10.0,100.0,1.396
000032,4,Car,19.85,15-30m,68.32,57.37,71,trans_cm,x,10.0,100.0,0.637
000032,5,Van,22.71,15-30m,249.02,89.41,584,trans_cm,x,10.0,100.0,1.49
000032,6,Car,25.25,15-30m,81.16,55.23,75,trans_cm,x,10.0,100.0,0.664
000032,7,Van,44.71,30-50m,32.08,33.91,64,trans_cm,x,10.0,100.0,0.051
000032,8,Van,39.04,30-50m,136.41,51.92,154,trans_cm,x,10.0,100.0,0.558
000032,9,Car,44.75,30-50m,36.77,25.41,39,trans_cm,x,10.0,100.0,0.231
000032,0,Car,9.0,0-15m,257.37,155.37,1435,trans_cm,y,2.0,100.0,1.792
000032,1,Car,8.6,0-15m,238.19,153.07,1352,trans_cm,y,2.0,99.852,1.992
000032,2,Van,14.34,0-15m,148.49,123.14,803,trans_cm,y,2.0,100.0,1.111
000032,3,Car,13.47,0-15m,151.48,93.39,410,trans_cm,y,2.0,100.0,1.225
000032,4,Car,19.85,15-30m,68.32,57.37,71,trans_cm,y,2.0,100.0,0.782
000032,5,Van,22.71,15-30m,249.02,89.41,584,trans_cm,y,2.0,100.0,0.664
000032,6,Car,25.25,15-30m,81.16,55.23,75,trans_cm,y,2.0,100.0,0.609
000032,7,Van,44.71,30-50m,32.08,33.91,64,trans_cm,y,2.0,100.0,0.337
000032,8,Van,39.04,30-50m,136.41,51.92,154,trans_cm,y,2.0,100.0,0.378
000032,9,Car,44.75,30-50m,36.77,25.41,39,trans_cm,y,2.0,100.0,0.339
000032,0,Car,9.0,0-15m,257.37,155.37,1435,trans_cm,y,5.0,100.0,4.481
000032,1,Car,8.6,0-15m,238.19,153.07,1352,trans_cm,y,5.0,99.852,4.98
000032,2,Van,14.34,0-15m,148.49,123.14,803,trans_cm,y,5.0,100.0,2.778
000032,3,Car,13.47,0-15m,151.48,93.39,410,trans_cm,y,5.0,100.0,3.063
000032,4,Car,19.85,15-30m,68.32,57.37,71,trans_cm,y,5.0,100.0,1.954
000032,5,Van,22.71,15-30m,249.02,89.41,584,trans_cm,y,5.0,100.0,1.659
000032,6,Car,25.25,15-30m,81.16,55.23,75,trans_cm,y,5.0,100.0,1.523
000032,7,Van,44.71,30-50m,32.08,33.91,64,trans_cm,y,5.0,100.0,0.844
000032,8,Van,39.04,30-50m,136.41,51.92,154,trans_cm,y,5.0,100.0,0.946
000032,9,Car,44.75,30-50m,36.77,25.41,39,trans_cm,y,5.0,100.0,0.847
000032,0,Car,9.0,0-15m,257.37,155.37,1435,trans_cm,y,10.0,100.0,8.962
000032,1,Car,8.6,0-15m,238.19,153.07,1352,trans_cm,y,10.0,99.852,9.96
000032,2,Van,14.34,0-15m,148.49,123.14,803,trans_cm,y,10.0,100.0,5.555
000032,3,Car,13.47,0-15m,151.48,93.39,410,trans_cm,y,10.0,100.0,6.127
000032,4,Car,19.85,15-30m,68.32,57.37,71,trans_cm,y,10.0,95.775,3.909
000032,5,Van,22.71,15-30m,249.02,89.41,584,trans_cm,y,10.0,100.0,3.319
000032,6,Car,25.25,15-30m,81.16,55.23,75,trans_cm,y,10.0,100.0,3.045
000032,7,Van,44.71,30-50m,32.08,33.91,64,trans_cm,y,10.0,100.0,1.687
000032,8,Van,39.04,30-50m,136.41,51.92,154,trans_cm,y,10.0,100.0,1.892
000032,9,Car,44.75,30-50m,36.77,25.41,39,trans_cm,y,10.0,100.0,1.694
000032,0,Car,9.0,0-15m,257.37,155.37,1435,trans_cm,z,2.0,100.0,1.794
000032,1,Car,8.6,0-15m,238.19,153.07,1352,trans_cm,z,2.0,100.0,1.994
000032,2,Van,14.34,0-15m,148.49,123.14,803,trans_cm,z,2.0,100.0,1.111
000032,3,Car,13.47,0-15m,151.48,93.39,410,trans_cm,z,2.0,100.0,1.226
000032,4,Car,19.85,15-30m,68.32,57.37,71,trans_cm,z,2.0,100.0,0.782
000032,5,Van,22.71,15-30m,249.02,89.41,584,trans_cm,z,2.0,100.0,0.664
000032,6,Car,25.25,15-30m,81.16,55.23,75,trans_cm,z,2.0,100.0,0.609
000032,7,Van,44.71,30-50m,32.08,33.91,64,trans_cm,z,2.0,100.0,0.337
000032,8,Van,39.04,30-50m,136.41,51.92,154,trans_cm,z,2.0,100.0,0.378
000032,9,Car,44.75,30-50m,36.77,25.41,39,trans_cm,z,2.0,100.0,0.339
000032,0,Car,9.0,0-15m,257.37,155.37,1435,trans_cm,z,5.0,98.606,4.485
000032,1,Car,8.6,0-15m,238.19,153.07,1352,trans_cm,z,5.0,100.0,4.985
000032,2,Van,14.34,0-15m,148.49,123.14,803,trans_cm,z,5.0,100.0,2.778
000032,3,Car,13.47,0-15m,151.48,93.39,410,trans_cm,z,5.0,99.024,3.065
000032,4,Car,19.85,15-30m,68.32,57.37,71,trans_cm,z,5.0,100.0,1.956
000032,5,Van,22.71,15-30m,249.02,89.41,584,trans_cm,z,5.0,100.0,1.659
000032,6,Car,25.25,15-30m,81.16,55.23,75,trans_cm,z,5.0,100.0,1.522
000032,7,Van,44.71,30-50m,32.08,33.91,64,trans_cm,z,5.0,100.0,0.843
000032,8,Van,39.04,30-50m,136.41,51.92,154,trans_cm,z,5.0,100.0,0.946
000032,9,Car,44.75,30-50m,36.77,25.41,39,trans_cm,z,5.0,100.0,0.847
000032,0,Car,9.0,0-15m,257.37,155.37,1435,trans_cm,z,10.0,96.167,8.969
000032,1,Car,8.6,0-15m,238.19,153.07,1352,trans_cm,z,10.0,96.228,9.97
000032,2,Van,14.34,0-15m,148.49,123.14,803,trans_cm,z,10.0,98.63,5.556
000032,3,Car,13.47,0-15m,151.48,93.39,410,trans_cm,z,10.0,92.683,6.129
000032,4,Car,19.85,15-30m,68.32,57.37,71,trans_cm,z,10.0,100.0,3.912
000032,5,Van,22.71,15-30m,249.02,89.41,584,trans_cm,z,10.0,100.0,3.318
000032,6,Car,25.25,15-30m,81.16,55.23,75,trans_cm,z,10.0,100.0,3.045
000032,7,Van,44.71,30-50m,32.08,33.91,64,trans_cm,z,10.0,100.0,1.687
000032,8,Van,39.04,30-50m,136.41,51.92,154,trans_cm,z,10.0,100.0,1.892
000032,9,Car,44.75,30-50m,36.77,25.41,39,trans_cm,z,10.0,100.0,1.695
000049,0,Car,21.55,15-30m,61.81,50.19,206,baseline,-,0.0,100.0,0.0
000049,1,Car,13.75,0-15m,189.74,84.09,930,baseline,-,0.0,100.0,0.0
000049,2,Car,21.82,15-30m,104.68,52.6,140,baseline,-,0.0,100.0,0.0
000049,3,Car,24.83,15-30m,101.88,44.73,79,baseline,-,0.0,100.0,0.0
000049,4,Car,32.49,30-50m,82.52,32.33,18,baseline,-,0.0,100.0,0.0
000049,5,Van,45.7,30-50m,70.52,36.71,79,baseline,-,0.0,100.0,0.0
000049,6,Pedestrian,4.71,0-15m,144.34,185.95,830,baseline,-,0.0,83.133,0.0
000049,7,Car,9.53,0-15m,259.17,138.46,571,baseline,-,0.0,100.0,0.0
000049,8,Car,14.89,0-15m,132.08,78.24,432,baseline,-,0.0,100.0,0.0
000049,9,Car,20.2,15-30m,96.61,68.8,198,baseline,-,0.0,100.0,0.0
000049,10,Pedestrian,32.55,30-50m,16.33,36.51,42,baseline,-,0.0,88.095,0.0
000049,11,Car,31.83,30-50m,105.51,40.73,74,baseline,-,0.0,100.0,0.0
000049,12,Car,12.04,0-15m,252.92,101.96,437,baseline,-,0.0,100.0,0.0
000049,13,Car,17.23,15-30m,147.85,66.85,312,baseline,-,0.0,100.0,0.0
000049,16,Van,32.04,30-50m,159.26,60.17,261,baseline,-,0.0,100.0,0.0
000049,17,Car,17.43,15-30m,111.64,70.18,56,baseline,-,0.0,87.5,0.0
000049,0,Car,21.55,15-30m,61.81,50.19,206,yaw_deg,z,0.5,92.233,6.386
000049,1,Car,13.75,0-15m,189.74,84.09,930,yaw_deg,z,0.5,99.462,6.957
000049,2,Car,21.82,15-30m,104.68,52.6,140,yaw_deg,z,0.5,100.0,6.576
000049,3,Car,24.83,15-30m,101.88,44.73,79,yaw_deg,z,0.5,100.0,6.487
000049,4,Car,32.49,30-50m,82.52,32.33,18,yaw_deg,z,0.5,100.0,6.414
000049,5,Van,45.7,30-50m,70.52,36.71,79,yaw_deg,z,0.5,100.0,6.363
000049,6,Pedestrian,4.71,0-15m,144.34,185.95,830,yaw_deg,z,0.5,80.843,8.886
000049,7,Car,9.53,0-15m,259.17,138.46,571,yaw_deg,z,0.5,98.949,7.743
000049,8,Car,14.89,0-15m,132.08,78.24,432,yaw_deg,z,0.5,98.611,6.873
000049,9,Car,20.2,15-30m,96.61,68.8,198,yaw_deg,z,0.5,98.485,6.604
000049,10,Pedestrian,32.55,30-50m,16.33,36.51,42,yaw_deg,z,0.5,57.143,6.441
000049,11,Car,31.83,30-50m,105.51,40.73,74,yaw_deg,z,0.5,100.0,6.987
000049,12,Car,12.04,0-15m,252.92,101.96,437,yaw_deg,z,0.5,100.0,9.476
000049,13,Car,17.23,15-30m,147.85,66.85,312,yaw_deg,z,0.5,100.0,7.769
000049,16,Van,32.04,30-50m,159.26,60.17,261,yaw_deg,z,0.5,95.785,7.837
000049,17,Car,17.43,15-30m,111.64,70.18,56,yaw_deg,z,0.5,85.714,10.468
000049,0,Car,21.55,15-30m,61.81,50.19,206,yaw_deg,z,1.0,80.097,12.773
000049,1,Car,13.75,0-15m,189.74,84.09,930,yaw_deg,z,1.0,97.097,13.95
000049,2,Car,21.82,15-30m,104.68,52.6,140,yaw_deg,z,1.0,100.0,13.173
000049,3,Car,24.83,15-30m,101.88,44.73,79,yaw_deg,z,1.0,100.0,12.99
000049,4,Car,32.49,30-50m,82.52,32.33,18,yaw_deg,z,1.0,100.0,12.839
000049,5,Van,45.7,30-50m,70.52,36.71,79,yaw_deg,z,1.0,96.203,12.733
000049,6,Pedestrian,4.71,0-15m,144.34,185.95,830,yaw_deg,z,1.0,78.193,17.679
000049,7,Car,9.53,0-15m,259.17,138.46,571,yaw_deg,z,1.0,95.096,15.426
000049,8,Car,14.89,0-15m,132.08,78.24,432,yaw_deg,z,1.0,93.981,13.715
000049,9,Car,20.2,15-30m,96.61,68.8,198,yaw_deg,z,1.0,84.343,13.188
000049,10,Pedestrian,32.55,30-50m,16.33,36.51,42,yaw_deg,z,1.0,4.762,12.87
000049,11,Car,31.83,30-50m,105.51,40.73,74,yaw_deg,z,1.0,100.0,13.935
000049,12,Car,12.04,0-15m,252.92,101.96,437,yaw_deg,z,1.0,100.0,19.069
000049,13,Car,17.23,15-30m,147.85,66.85,312,yaw_deg,z,1.0,100.0,15.603
000049,16,Van,32.04,30-50m,159.26,60.17,261,yaw_deg,z,1.0,90.038,15.609
000049,17,Car,17.43,15-30m,111.64,70.18,56,yaw_deg,z,1.0,73.214,21.086
000049,0,Car,21.55,15-30m,61.81,50.19,206,yaw_deg,z,2.0,56.311,25.548
000049,1,Car,13.75,0-15m,189.74,84.09,930,yaw_deg,z,2.0,91.828,28.051
000049,2,Car,21.82,15-30m,104.68,52.6,140,yaw_deg,z,2.0,100.0,26.434
000049,3,Car,24.83,15-30m,101.88,44.73,79,yaw_deg,z,2.0,100.0,26.048
000049,4,Car,32.49,30-50m,82.52,32.33,18,yaw_deg,z,2.0,100.0,25.729
000049,5,Van,45.7,30-50m,70.52,36.71,79,yaw_deg,z,2.0,87.342,25.501
000049,6,Pedestrian,4.71,0-15m,144.34,185.95,830,yaw_deg,z,2.0,67.59,34.998
000049,7,Car,9.53,0-15m,259.17,138.46,571,yaw_deg,z,2.0,86.69,30.62
000049,8,Car,14.89,0-15m,132.08,78.24,432,yaw_deg,z,2.0,83.102,27.31
000049,9,Car,20.2,15-30m,96.61,68.8,198,yaw_deg,z,2.0,51.515,26.297
000049,10,Pedestrian,32.55,30-50m,16.33,36.51,42,yaw_deg,z,2.0,0.0,25.691
000049,11,Car,31.83,30-50m,105.51,40.73,74,yaw_deg,z,2.0,98.649,27.723
000049,12,Car,12.04,0-15m,252.92,101.96,437,yaw_deg,z,2.0,96.339,38.623
000049,13,Car,17.23,15-30m,147.85,66.85,312,yaw_deg,z,2.0,99.679,31.474
000049,16,Van,32.04,30-50m,159.26,60.17,261,yaw_deg,z,2.0,76.245,30.962
000049,17,Car,17.43,15-30m,111.64,70.18,56,yaw_deg,z,2.0,35.714,42.793
000049,0,Car,21.55,15-30m,61.81,50.19,206,yaw_deg,z,3.0,35.922,38.329
000049,1,Car,13.75,0-15m,189.74,84.09,930,yaw_deg,z,3.0,85.699,42.312
000049,2,Car,21.82,15-30m,104.68,52.6,140,yaw_deg,z,3.0,98.571,39.792
000049,3,Car,24.83,15-30m,101.88,44.73,79,yaw_deg,z,3.0,96.203,39.184
000049,4,Car,32.49,30-50m,82.52,32.33,18,yaw_deg,z,3.0,100.0,38.677
000049,5,Van,45.7,30-50m,70.52,36.71,79,yaw_deg,z,3.0,74.684,38.311
000049,6,Pedestrian,4.71,0-15m,144.34,185.95,830,yaw_deg,z,3.0,52.53,51.98
000049,7,Car,9.53,0-15m,259.17,138.46,571,yaw_deg,z,3.0,81.261,45.598
000049,8,Car,14.89,0-15m,132.08,78.24,432,yaw_deg,z,3.0,68.981,40.793
000049,9,Car,20.2,15-30m,96.61,68.8,198,yaw_deg,z,3.0,19.192,39.336
000049,10,Pedestrian,32.55,30-50m,16.33,36.51,42,yaw_deg,z,3.0,0.0,38.473
000049,11,Car,31.83,30-50m,105.51,40.73,74,yaw_deg,z,3.0,83.784,41.374
000049,12,Car,12.04,0-15m,252.92,101.96,437,yaw_deg,z,3.0,88.101,58.693
000049,13,Car,17.23,15-30m,147.85,66.85,312,yaw_deg,z,3.0,93.59,47.628
000049,16,Van,32.04,30-50m,159.26,60.17,261,yaw_deg,z,3.0,64.368,46.077
000049,17,Car,17.43,15-30m,111.64,70.18,56,yaw_deg,z,3.0,17.857,65.162
000049,0,Car,21.55,15-30m,61.81,50.19,206,trans_cm,x,2.0,100.0,0.035
000049,1,Car,13.75,0-15m,189.74,84.09,930,trans_cm,x,2.0,100.0,0.329
000049,2,Car,21.82,15-30m,104.68,52.6,140,trans_cm,x,2.0,100.0,0.119
000049,3,Car,24.83,15-30m,101.88,44.73,79,trans_cm,x,2.0,100.0,0.081
000049,4,Car,32.49,30-50m,82.52,32.33,18,trans_cm,x,2.0,100.0,0.044
000049,5,Van,45.7,30-50m,70.52,36.71,79,trans_cm,x,2.0,100.0,0.021
000049,6,Pedestrian,4.71,0-15m,144.34,185.95,830,trans_cm,x,2.0,83.133,1.967
000049,7,Car,9.53,0-15m,259.17,138.46,571,trans_cm,x,2.0,100.0,0.811
000049,8,Car,14.89,0-15m,132.08,78.24,432,trans_cm,x,2.0,100.0,0.303
000049,9,Car,20.2,15-30m,96.61,68.8,198,trans_cm,x,2.0,100.0,0.152
000049,10,Pedestrian,32.55,30-50m,16.33,36.51,42,trans_cm,x,2.0,88.095,0.057
000049,11,Car,31.83,30-50m,105.51,40.73,74,trans_cm,x,2.0,100.0,0.15
000049,12,Car,12.04,0-15m,252.92,101.96,437,trans_cm,x,2.0,100.0,0.891
000049,13,Car,17.23,15-30m,147.85,66.85,312,trans_cm,x,2.0,100.0,0.401
000049,16,Van,32.04,30-50m,159.26,60.17,261,trans_cm,x,2.0,100.0,0.23
000049,17,Car,17.43,15-30m,111.64,70.18,56,trans_cm,x,2.0,87.5,0.664
000049,0,Car,21.55,15-30m,61.81,50.19,206,trans_cm,x,5.0,100.0,0.088
000049,1,Car,13.75,0-15m,189.74,84.09,930,trans_cm,x,5.0,100.0,0.82
000049,2,Car,21.82,15-30m,104.68,52.6,140,trans_cm,x,5.0,100.0,0.297
000049,3,Car,24.83,15-30m,101.88,44.73,79,trans_cm,x,5.0,100.0,0.202
000049,4,Car,32.49,30-50m,82.52,32.33,18,trans_cm,x,5.0,100.0,0.109
000049,5,Van,45.7,30-50m,70.52,36.71,79,trans_cm,x,5.0,100.0,0.052
000049,6,Pedestrian,4.71,0-15m,144.34,185.95,830,trans_cm,x,5.0,82.771,4.886
000049,7,Car,9.53,0-15m,259.17,138.46,571,trans_cm,x,5.0,100.0,2.021
000049,8,Car,14.89,0-15m,132.08,78.24,432,trans_cm,x,5.0,100.0,0.756
000049,9,Car,20.2,15-30m,96.61,68.8,198,trans_cm,x,5.0,100.0,0.379
000049,10,Pedestrian,32.55,30-50m,16.33,36.51,42,trans_cm,x,5.0,88.095,0.141
000049,11,Car,31.83,30-50m,105.51,40.73,74,trans_cm,x,5.0,100.0,0.375
000049,12,Car,12.04,0-15m,252.92,101.96,437,trans_cm,x,5.0,100.0,2.221
000049,13,Car,17.23,15-30m,147.85,66.85,312,trans_cm,x,5.0,100.0,1.001
000049,16,Van,32.04,30-50m,159.26,60.17,261,trans_cm,x,5.0,100.0,0.574
000049,17,Car,17.43,15-30m,111.64,70.18,56,trans_cm,x,5.0,87.5,1.657
000049,0,Car,21.55,15-30m,61.81,50.19,206,trans_cm,x,10.0,100.0,0.176
000049,1,Car,13.75,0-15m,189.74,84.09,930,trans_cm,x,10.0,100.0,1.635
000049,2,Car,21.82,15-30m,104.68,52.6,140,trans_cm,x,10.0,100.0,0.593
000049,3,Car,24.83,15-30m,101.88,44.73,79,trans_cm,x,10.0,100.0,0.404
000049,4,Car,32.49,30-50m,82.52,32.33,18,trans_cm,x,10.0,100.0,0.218
000049,5,Van,45.7,30-50m,70.52,36.71,79,trans_cm,x,10.0,100.0,0.104
000049,6,Pedestrian,4.71,0-15m,144.34,185.95,830,trans_cm,x,10.0,81.807,9.669
000049,7,Car,9.53,0-15m,259.17,138.46,571,trans_cm,x,10.0,100.0,4.018
000049,8,Car,14.89,0-15m,132.08,78.24,432,trans_cm,x,10.0,100.0,1.507
000049,9,Car,20.2,15-30m,96.61,68.8,198,trans_cm,x,10.0,100.0,0.756
000049,10,Pedestrian,32.55,30-50m,16.33,36.51,42,trans_cm,x,10.0,88.095,0.282
000049,11,Car,31.83,30-50m,105.51,40.73,74,trans_cm,x,10.0,100.0,0.748
000049,12,Car,12.04,0-15m,252.92,101.96,437,trans_cm,x,10.0,100.0,4.423
000049,13,Car,17.23,15-30m,147.85,66.85,312,trans_cm,x,10.0,100.0,1.997
000049,16,Van,32.04,30-50m,159.26,60.17,261,trans_cm,x,10.0,100.0,1.146
000049,17,Car,17.43,15-30m,111.64,70.18,56,trans_cm,x,10.0,87.5,3.304
000049,0,Car,21.55,15-30m,61.81,50.19,206,trans_cm,y,2.0,100.0,0.722
000049,1,Car,13.75,0-15m,189.74,84.09,930,trans_cm,y,2.0,100.0,1.121
000049,2,Car,21.82,15-30m,104.68,52.6,140,trans_cm,y,2.0,100.0,0.694
000049,3,Car,24.83,15-30m,101.88,44.73,79,trans_cm,y,2.0,100.0,0.601
000049,4,Car,32.49,30-50m,82.52,32.33,18,trans_cm,y,2.0,100.0,0.463
000049,5,Van,45.7,30-50m,70.52,36.71,79,trans_cm,y,2.0,100.0,0.325
000049,6,Pedestrian,4.71,0-15m,144.34,185.95,830,trans_cm,y,2.0,81.928,3.128
000049,7,Car,9.53,0-15m,259.17,138.46,571,trans_cm,y,2.0,100.0,1.74
000049,8,Car,14.89,0-15m,132.08,78.24,432,trans_cm,y,2.0,100.0,1.076
000049,9,Car,20.2,15-30m,96.61,68.8,198,trans_cm,y,2.0,100.0,0.77
000049,10,Pedestrian,32.55,30-50m,16.33,36.51,42,trans_cm,y,2.0,85.714,0.447
000049,11,Car,31.83,30-50m,105.51,40.73,74,trans_cm,y,2.0,100.0,0.464
000049,12,Car,12.04,0-15m,252.92,101.96,437,trans_cm,y,2.0,100.0,1.309
000049,13,Car,17.23,15-30m,147.85,66.85,312,trans_cm,y,2.0,100.0,0.869
000049,16,Van,32.04,30-50m,159.26,60.17,261,trans_cm,y,2.0,100.0,0.467
000049,17,Car,17.43,15-30m,111.64,70.18,56,trans_cm,y,2.0,87.5,0.823
000049,0,Car,21.55,15-30m,61.81,50.19,206,trans_cm,y,5.0,100.0,1.804
000049,1,Car,13.75,0-15m,189.74,84.09,930,trans_cm,y,5.0,100.0,2.803
000049,2,Car,21.82,15-30m,104.68,52.6,140,trans_cm,y,5.0,100.0,1.735
000049,3,Car,24.83,15-30m,101.88,44.73,79,trans_cm,y,5.0,100.0,1.503
000049,4,Car,32.49,30-50m,82.52,32.33,18,trans_cm,y,5.0,100.0,1.158
000049,5,Van,45.7,30-50m,70.52,36.71,79,trans_cm,y,5.0,100.0,0.812
000049,6,Pedestrian,4.71,0-15m,144.34,185.95,830,trans_cm,y,5.0,80.843,7.819
000049,7,Car,9.53,0-15m,259.17,138.46,571,trans_cm,y,5.0,100.0,4.349
000049,8,Car,14.89,0-15m,132.08,78.24,432,trans_cm,y,5.0,100.0,2.689
000049,9,Car,20.2,15-30m,96.61,68.8,198,trans_cm,y,5.0,100.0,1.925
000049,10,Pedestrian,32.55,30-50m,16.33,36.51,42,trans_cm,y,5.0,85.714,1.118
000049,11,Car,31.83,30-50m,105.51,40.73,74,trans_cm,y,5.0,100.0,1.159
000049,12,Car,12.04,0-15m,252.92,101.96,437,trans_cm,y,5.0,100.0,3.272
000049,13,Car,17.23,15-30m,147.85,66.85,312,trans_cm,y,5.0,100.0,2.172
000049,16,Van,32.04,30-50m,159.26,60.17,261,trans_cm,y,5.0,100.0,1.167
000049,17,Car,17.43,15-30m,111.64,70.18,56,trans_cm,y,5.0,87.5,2.058
000049,0,Car,21.55,15-30m,61.81,50.19,206,trans_cm,y,10.0,97.087,3.608
000049,1,Car,13.75,0-15m,189.74,84.09,930,trans_cm,y,10.0,99.677,5.606
000049,2,Car,21.82,15-30m,104.68,52.6,140,trans_cm,y,10.0,100.0,3.47
000049,3,Car,24.83,15-30m,101.88,44.73,79,trans_cm,y,10.0,100.0,3.005
000049,4,Car,32.49,30-50m,82.52,32.33,18,trans_cm,y,10.0,100.0,2.315
000049,5,Van,45.7,30-50m,70.52,36.71,79,trans_cm,y,10.0,100.0,1.623
000049,6,Pedestrian,4.71,0-15m,144.34,185.95,830,trans_cm,y,10.0,78.313,15.638
000049,7,Car,9.53,0-15m,259.17,138.46,571,trans_cm,y,10.0,99.475,8.698
000049,8,Car,14.89,0-15m,132.08,78.24,432,trans_cm,y,10.0,100.0,5.379
000049,9,Car,20.2,15-30m,96.61,68.8,198,trans_cm,y,10.0,100.0,3.851
000049,10,Pedestrian,32.55,30-50m,16.33,36.51,42,trans_cm,y,10.0,83.333,2.236
000049,11,Car,31.83,30-50m,105.51,40.73,74,trans_cm,y,10.0,100.0,2.318
000049,12,Car,12.04,0-15m,252.92,101.96,437,trans_cm,y,10.0,100.0,6.543
000049,13,Car,17.23,15-30m,147.85,66.85,312,trans_cm,y,10.0,100.0,4.344
000049,16,Van,32.04,30-50m,159.26,60.17,261,trans_cm,y,10.0,100.0,2.334
000049,17,Car,17.43,15-30m,111.64,70.18,56,trans_cm,y,10.0,87.5,4.117
000049,0,Car,21.55,15-30m,61.81,50.19,206,trans_cm,z,2.0,100.0,0.722
000049,1,Car,13.75,0-15m,189.74,84.09,930,trans_cm,z,2.0,100.0,1.122
000049,2,Car,21.82,15-30m,104.68,52.6,140,trans_cm,z,2.0,100.0,0.694
000049,3,Car,24.83,15-30m,101.88,44.73,79,trans_cm,z,2.0,100.0,0.601
000049,4,Car,32.49,30-50m,82.52,32.33,18,trans_cm,z,2.0,100.0,0.463
000049,5,Van,45.7,30-50m,70.52,36.71,79,trans_cm,z,2.0,100.0,0.325
000049,6,Pedestrian,4.71,0-15m,144.34,185.95,830,trans_cm,z,2.0,83.976,3.133
000049,7,Car,9.53,0-15m,259.17,138.46,571,trans_cm,z,2.0,100.0,1.74
000049,8,Car,14.89,0-15m,132.08,78.24,432,trans_cm,z,2.0,100.0,1.076
000049,9,Car,20.2,15-30m,96.61,68.8,198,trans_cm,z,2.0,100.0,0.77
000049,10,Pedestrian,32.55,30-50m,16.33,36.51,42,trans_cm,z,2.0,88.095,0.447
000049,11,Car,31.83,30-50m,105.51,40.73,74,trans_cm,z,2.0,100.0,0.464
000049,12,Car,12.04,0-15m,252.92,101.96,437,trans_cm,z,2.0,100.0,1.31
000049,13,Car,17.23,15-30m,147.85,66.85,312,trans_cm,z,2.0,100.0,0.869
000049,16,Van,32.04,30-50m,159.26,60.17,261,trans_cm,z,2.0,100.0,0.467
000049,17,Car,17.43,15-30m,111.64,70.18,56,trans_cm,z,2.0,87.5,0.823
000049,0,Car,21.55,15-30m,61.81,50.19,206,trans_cm,z,5.0,100.0,1.805
000049,1,Car,13.75,0-15m,189.74,84.09,930,trans_cm,z,5.0,100.0,2.805
000049,2,Car,21.82,15-30m,104.68,52.6,140,trans_cm,z,5.0,100.0,1.735
000049,3,Car,24.83,15-30m,101.88,44.73,79,trans_cm,z,5.0,79.747,1.503
000049,4,Car,32.49,30-50m,82.52,32.33,18,trans_cm,z,5.0,100.0,1.158
000049,5,Van,45.7,30-50m,70.52,36.71,79,trans_cm,z,5.0,100.0,0.812
000049,6,Pedestrian,4.71,0-15m,144.34,185.95,830,trans_cm,z,5.0,84.819,7.832
000049,7,Car,9.53,0-15m,259.17,138.46,571,trans_cm,z,5.0,100.0,4.35
000049,8,Car,14.89,0-15m,132.08,78.24,432,trans_cm,z,5.0,100.0,2.69
000049,9,Car,20.2,15-30m,96.61,68.8,198,trans_cm,z,5.0,100.0,1.926
000049,10,Pedestrian,32.55,30-50m,16.33,36.51,42,trans_cm,z,5.0,83.333,1.118
000049,11,Car,31.83,30-50m,105.51,40.73,74,trans_cm,z,5.0,100.0,1.159
000049,12,Car,12.04,0-15m,252.92,101.96,437,trans_cm,z,5.0,94.737,3.274
000049,13,Car,17.23,15-30m,147.85,66.85,312,trans_cm,z,5.0,100.0,2.173
000049,16,Van,32.04,30-50m,159.26,60.17,261,trans_cm,z,5.0,100.0,1.167
000049,17,Car,17.43,15-30m,111.64,70.18,56,trans_cm,z,5.0,87.5,2.058
000049,0,Car,21.55,15-30m,61.81,50.19,206,trans_cm,z,10.0,96.117,3.609
000049,1,Car,13.75,0-15m,189.74,84.09,930,trans_cm,z,10.0,95.806,5.61
000049,2,Car,21.82,15-30m,104.68,52.6,140,trans_cm,z,10.0,85.714,3.47
000049,3,Car,24.83,15-30m,101.88,44.73,79,trans_cm,z,10.0,79.747,3.006
000049,4,Car,32.49,30-50m,82.52,32.33,18,trans_cm,z,10.0,100.0,2.316
000049,5,Van,45.7,30-50m,70.52,36.71,79,trans_cm,z,10.0,100.0,1.623
000049,6,Pedestrian,4.71,0-15m,144.34,185.95,830,trans_cm,z,10.0,86.506,15.662
000049,7,Car,9.53,0-15m,259.17,138.46,571,trans_cm,z,10.0,95.271,8.7
000049,8,Car,14.89,0-15m,132.08,78.24,432,trans_cm,z,10.0,93.75,5.381
000049,9,Car,20.2,15-30m,96.61,68.8,198,trans_cm,z,10.0,100.0,3.852
000049,10,Pedestrian,32.55,30-50m,16.33,36.51,42,trans_cm,z,10.0,83.333,2.236
000049,11,Car,31.83,30-50m,105.51,40.73,74,trans_cm,z,10.0,81.081,2.319
000049,12,Car,12.04,0-15m,252.92,101.96,437,trans_cm,z,10.0,94.279,6.548
000049,13,Car,17.23,15-30m,147.85,66.85,312,trans_cm,z,10.0,90.385,4.346
000049,16,Van,32.04,30-50m,159.26,60.17,261,trans_cm,z,10.0,97.318,2.333
000049,17,Car,17.43,15-30m,111.64,70.18,56,trans_cm,z,10.0,87.5,4.117
